DATE,CLOSE
19990101,24.09
19990106,24.40
19990107,25.73
19990111,25.89
19990112,26.71
19990113,25.95
19990114,25.24
19990115,25.00
19990116,25.63
19990119,25.89
19990120,26.59
19990121,25.93
19990122,26.31
19990123,26.38
19990126,26.62
19990127,26.41
19990128,26.14
19990129,26.06
19990130,25.79
19990202,25.86
19990203,25.97
19990204,26.20
19990205,26.16
19990206,26.20
19990209,25.93
19990210,25.89
19990211,25.69
19990212,25.81
19990213,25.73
19990216,25.76
19990217,25.90
19990218,25.68
19990219,25.81
19990220,25.58
19990223,25.20
19990224,25.19
19990225,25.05
19990226,25.17
19990227,25.11
19990302,25.17
19990303,24.92
19990304,25.05
19990305,25.00
19990306,25.00
19990310,25.10
19990311,25.00
19990312,25.24
19990313,25.46
19990316,25.38
19990317,25.33
19990318,25.69
19990319,26.09
19990320,25.96
19990323,26.00
19990324,26.46
19990325,26.42
19990326,26.33
19990327,26.26
19990330,26.02
19990331,25.94
19990401,25.92
19990402,26.16
19990403,26.75
19990406,27.01
19990407,26.92
19990408,27.15
19990409,27.06
19990410,26.91
19990413,27.02
19990414,26.95
19990415,26.80
19990416,26.77
19990417,26.40
19990420,26.48
19990421,26.41
19990422,26.26
19990423,26.20
19990424,26.22
19990427,26.02
19990428,25.91
19990429,25.94
19990430,25.73
19990501,25.67
19990506,25.63
19990507,25.86
19990508,25.96
19990512,25.89
19990513,25.73
19990514,26.30
19990515,26.57
19990518,26.49
19990519,26.52
19990520,26.39
19990521,26.36
19990522,26.09
19990525,25.97
19990526,26.02
19990527,25.95
19990528,25.57
19990529,25.52
19990601,25.54
19990602,25.48
19990603,25.51
19990604,25.24
19990605,25.10
19990608,25.03
19990609,25.13
19990610,25.40
19990611,25.38
19990612,25.48
19990616,25.29
19990617,25.25
19990618,24.98
19990619,25.00
19990622,25.20
19990623,25.03
19990624,25.05
19990625,25.01
19990626,25.24
19990629,25.21
19990630,25.07
19990701,25.02
19990702,25.13
19990703,24.87
19990706,24.82
19990707,25.03
19990708,25.06
19990709,24.88
19990710,24.97
19990713,24.87
19990714,24.69
19990715,24.79
19990716,24.87
19990717,24.81
19990720,24.65
19990721,24.98
19990722,25.35
19990723,25.48
19990724,25.45
19990727,25.51
19990728,25.86
19990729,25.81
19990730,25.80
19990731,25.94
19990803,25.85
19990804,25.82
19990805,26.04
19990806,26.28
19990807,26.39
19990810,27.10
19990811,26.76
19990812,26.73
19990813,26.53
19990814,26.60
19990817,26.30
19990818,26.17
19990819,25.88
19990820,25.80
19990821,26.39
19990824,26.45
19990825,25.83
19990826,26.03
19990827,25.86
19990828,25.90
19990831,25.92
19990901,26.05
19990902,26.67
19990903,27.33
19990904,27.61
19990907,27.33
19990908,27.25
19990909,27.28
19990910,27.31
19990911,27.06
19990914,26.47
19990915,26.51
19990916,26.26
19990917,26.49
19990918,26.34
19990921,26.48
19990922,26.32
19990923,26.58
19990924,26.41
19990925,26.58
19990928,26.42
19990929,26.37
19990930,26.46
19991001,26.66
19991002,27.02
19991005,27.32
19991006,27.77
19991007,27.61
19991008,27.54
19991009,27.58
19991012,27.35
19991013,27.41
19991014,27.71
19991015,27.71
19991016,27.91
19991019,28.17
19991020,27.95
19991021,27.86
19991022,27.78
19991023,27.77
19991026,27.46
19991027,27.42
19991028,27.30
19991029,27.41
19991030,27.43
19991102,27.46
19991103,27.78
19991104,27.62
19991105,27.53
19991106,27.18
19991110,27.14
19991111,27.18
19991112,27.23
19991113,27.38
19991116,27.10
19991117,27.11
19991118,27.15
19991119,27.49
19991120,27.19
19991123,27.30
19991124,27.30
19991125,27.11
19991126,26.91
19991127,26.87
19991130,26.84
19991201,26.72
19991202,27.00
19991203,26.85
19991204,26.78
19991207,26.87
19991208,27.41
19991209,27.58
19991210,27.63
19991211,27.35
19991215,27.20
19991216,26.95
19991217,26.96
19991218,27.23
19991221,26.95
19991222,27.01
19991223,26.98
19991224,26.96
19991225,27.14
19991228,27.33
19991229,27.32
19991230,27.23
20000101,27.20
20000106,27.92
20000107,28.21
20000111,28.48
20000112,29.26
20000113,29.85
20000114,29.48
20000115,29.29
20000118,28.92
20000119,28.84
20000120,28.94
20000121,28.84
20000122,28.93
20000125,28.51
20000126,28.72
20000127,28.60
20000128,28.56
20000129,28.23
20000201,27.98
20000202,27.89
20000203,27.81
20000204,28.00
20000205,28.49
20000208,28.20
20000209,28.18
20000210,28.32
20000211,28.45
20000212,28.35
20000215,28.45
20000216,28.12
20000217,28.18
20000218,28.39
20000219,28.44
20000222,28.35
20000223,28.67
20000224,29.01
20000225,28.87
20000226,28.46
20000229,27.44
20000301,27.75
20000302,27.76
20000303,27.90
20000304,27.61
20000307,27.37
20000308,27.39
20000310,27.43
20000311,27.57
20000314,27.51
20000315,27.48
20000316,27.52
20000317,27.57
20000318,27.58
20000321,27.57
20000322,27.59
20000323,27.25
20000324,27.26
20000325,27.54
20000328,27.69
20000329,27.37
20000330,27.08
20000331,27.13
20000401,27.40
20000404,27.43
20000405,27.50
20000406,27.66
20000407,27.57
20000408,27.41
20000411,27.36
20000412,27.51
20000413,27.39
20000414,27.32
20000415,27.17
20000418,27.59
20000419,27.28
20000420,27.07
20000421,26.90
20000422,26.80
20000425,26.80
20000426,26.78
20000427,26.15
20000428,26.20
20000429,25.89
20000504,25.77
20000505,25.31
20000506,25.27
20000507,25.41
20000511,25.72
20000512,25.61
20000513,25.55
20000516,25.94
20000517,25.71
20000518,25.49
20000519,25.34
20000520,25.30
20000523,25.38
20000524,25.59
20000525,25.61
20000526,25.44
20000527,25.79
20000530,26.31
20000531,26.19
20000601,26.27
20000602,26.45
20000603,26.37
20000606,26.75
20000607,26.83
20000608,27.02
20000609,27.11
20000610,26.98
20000614,27.10
20000615,27.30
20000616,27.10
20000617,26.94
20000620,27.31
20000621,27.04
20000622,26.82
20000623,26.68
20000624,26.38
20000627,26.34
20000628,26.38
20000629,26.57
20000630,26.48
20000701,26.72
20000704,26.72
20000705,26.56
20000706,26.66
20000707,26.71
20000708,26.58
20000711,26.63
20000712,26.64
20000713,26.50
20000714,26.22
20000715,26.03
20000718,26.11
20000719,26.01
20000720,25.67
20000721,25.59
20000722,25.77
20000725,25.86
20000726,25.83
20000727,26.00
20000728,26.15
20000729,25.92
20000801,25.67
20000802,25.83
20000803,25.49
20000804,25.48
20000805,25.12
20000808,25.20
20000809,25.16
20000810,24.94
20000811,25.02
20000812,25.13
20000815,24.99
20000816,25.14
20000817,25.40
20000818,25.36
20000819,25.38
20000822,25.12
20000823,25.02
20000824,24.77
20000825,24.99
20000826,24.88
20000829,25.04
20000830,24.93
20000831,24.74
20000901,24.81
20000902,24.65
20000905,25.00
20000906,24.94
20000907,24.73
20000908,24.19
20000909,24.22
20000912,24.20
20000913,23.90
20000914,23.95
20000915,23.84
20000916,23.98
20000919,23.72
20000920,23.67
20000921,23.63
20000922,23.59
20000923,23.90
20000926,24.56
20000927,24.32
20000928,24.59
20000929,24.50
20000930,24.42
20001003,24.47
20001004,24.36
20001005,24.38
20001006,24.35
20001007,24.26
20001010,24.24
20001011,24.24
20001012,24.32
20001013,24.20
20001014,24.07
20001017,23.78
20001018,23.61
20001019,23.84
20001020,23.44
20001021,23.64
20001024,23.47
20001025,23.35
20001026,23.32
20001027,23.07
20001028,23.12
20001031,23.42
20001101,23.35
20001102,23.70
20001103,23.95
20001104,23.92
20001105,24.14
20001109,23.96
20001110,23.64
20001111,24.10
20001114,24.02
20001115,23.83
20001116,23.77
20001117,23.83
20001118,23.78
20001121,23.65
20001122,23.71
20001123,23.60
20001124,23.51
20001125,23.37
20001128,23.43
20001129,23.78
20001130,23.88
20001201,23.97
20001202,24.41
20001205,24.51
20001206,24.78
20001207,24.56
20001208,24.97
20001209,24.80
20001210,24.81
20001214,24.53
20001215,24.53
20001216,24.98
20001219,25.12
20001220,24.99
20001221,25.11
20001222,25.33
20001223,25.62
20001226,25.84
20001227,25.96
20001228,26.20
20001229,26.15
20001230,26.14
20010104,26.79
20010105,26.53
20010106,27.18
20010110,26.86
20010111,26.77
20010112,26.69
20010113,27.09
20010116,26.82
20010117,26.62
20010118,26.76
20010119,26.62
20010120,26.82
20010123,26.50
20010124,26.75
20010125,26.57
20010126,26.16
20010127,26.18
20010130,26.18
20010131,26.00
20010201,26.31
20010202,26.72
20010203,26.71
20010206,26.69
20010207,26.63
20010208,26.43
20010209,26.46
20010210,26.28
20010213,26.62
20010214,26.66
20010215,26.36
20010216,26.35
20010217,26.00
20010220,26.20
20010221,26.43
20010222,25.99
20010223,26.02
20010224,25.96
20010227,26.39
20010228,26.22
20010301,26.29
20010302,26.42
20010303,26.63
20010306,26.75
20010307,26.60
20010308,26.80
20010312,26.72
20010313,26.75
20010314,26.51
20010315,26.18
20010316,26.06
20010317,25.71
20010320,25.63
20010321,25.88
20010322,26.03
20010323,25.67
20010324,25.62
20010327,25.65
20010328,25.71
20010329,25.71
20010330,25.50
20010331,25.29
20010403,25.23
20010404,25.47
20010405,25.86
20010406,26.14
20010407,25.90
20010410,26.02
20010411,25.85
20010412,25.68
20010413,25.64
20010414,25.71
20010417,25.64
20010418,25.67
20010419,25.44
20010420,25.62
20010421,25.86
20010424,26.12
20010425,25.90
20010426,25.82
20010427,25.88
20010428,26.02
20010429,25.67
20010504,25.90
20010505,25.80
20010508,25.84
20010509,25.75
20010511,25.66
20010512,25.50
20010515,25.33
20010516,25.40
20010517,25.42
20010518,25.71
20010519,25.65
20010522,25.65
20010523,25.43
20010524,25.15
20010525,24.90
20010526,25.01
20010529,24.98
20010530,24.93
20010531,24.87
20010601,24.82
20010602,24.72
20010605,24.83
20010606,24.63
20010607,24.86
20010608,24.70
20010609,24.71
20010610,24.78
20010614,24.85
20010615,24.86
20010616,25.07
20010619,25.08
20010620,25.00
20010621,24.86
20010622,24.87
20010623,24.85
20010626,25.01
20010627,25.04
20010628,25.14
20010629,25.03
20010630,24.57
20010703,24.70
20010704,24.74
20010705,24.72
20010706,24.62
20010707,24.39
20010710,24.79
20010711,24.88
20010712,24.96
20010713,25.02
20010714,24.89
20010717,25.01
20010718,24.87
20010719,25.13
20010720,25.53
20010721,25.55
20010724,25.48
20010725,25.46
20010726,25.54
20010727,25.75
20010728,25.70
20010731,25.60
20010801,25.68
20010802,25.81
20010803,25.88
20010804,25.88
20010807,25.83
20010808,25.78
20010809,25.71
20010810,25.95
20010811,26.16
20010814,26.21
20010815,26.33
20010816,26.51
20010817,26.88
20010818,26.76
20010821,26.99
20010822,26.77
20010823,26.90
20010824,26.84
20010825,26.90
20010828,26.73
20010829,26.53
20010830,26.80
20010831,26.67
20010901,27.01
20010904,26.72
20010905,26.51
20010906,26.12
20010907,26.14
20010908,26.34
20010911,26.62
20010912,26.44
20010913,26.94
20010914,26.72
20010915,26.78
20010918,27.29
20010919,27.14
20010920,27.24
20010921,27.30
20010922,27.10
20010925,26.89
20010926,26.93
20010927,27.13
20010928,27.02
20010929,26.86
20011002,26.77
20011003,26.99
20011004,27.16
20011005,27.02
20011006,27.12
20011009,27.09
20011010,27.19
20011011,26.95
20011012,26.93
20011013,26.61
20011016,26.93
20011017,26.74
20011018,26.80
20011019,26.68
20011020,26.67
20011023,26.57
20011024,26.35
20011025,26.35
20011026,26.40
20011027,26.51
20011030,26.54
20011031,26.87
20011101,26.89
20011102,26.77
20011103,26.89
20011106,26.71
20011107,26.62
20011109,26.63
20011110,26.43
20011113,26.55
20011114,26.47
20011115,26.21
20011116,26.24
20011117,26.28
20011120,26.26
20011121,26.39
20011122,26.34
20011123,26.21
20011124,26.34
20011127,26.34
20011128,26.42
20011129,26.52
20011130,26.52
20011201,26.52
20011204,26.77
20011205,26.61
20011206,26.72
20011207,26.57
20011208,26.75
20011211,26.79
20011212,26.83
20011214,27.09
20011215,27.04
20011218,27.32
20011219,27.32
20011220,27.32
20011221,27.19
20011222,27.00
20011225,26.79
20011226,26.49
20011227,26.58
20011228,26.49
20020101,26.6172000
20020102,26.6172000
20020103,26.6172000
20020104,27.2290000
20020105,27.0933000
20020106,27.0933000
20020107,27.0933000
20020108,27.0933000
20020109,26.8884000
20020110,27.2946000
20020111,27.1907000
20020112,27.1372000
20020113,27.1372000
20020114,27.1372000
20020115,27.2245000
20020116,27.2204000
20020117,26.9149000
20020118,26.9928000
20020119,26.9552000
20020120,26.9552000
20020121,26.9552000
20020122,27.0561000
20020123,26.9759000
20020124,27.1125000
20020125,26.8368000
20020126,26.8348000
20020127,26.8348000
20020128,26.8348000
20020129,26.5106000
20020130,26.4146000
20020131,26.5456000
20020201,26.4306000
20020202,26.2981000
20020203,26.2981000
20020204,26.2981000
20020205,26.4738000
20020206,26.7642000
20020207,26.6168000
20020208,26.6404000
20020209,26.8235000
20020210,26.8235000
20020211,26.8235000
20020212,26.8718000
20020213,27.0393000
20020214,26.9945000
20020215,26.8667000
20020216,26.8879000
20020217,26.8879000
20020218,26.8879000
20020219,26.9156000
20020220,26.8600000
20020221,27.1007000
20020222,26.8372000
20020223,26.8007000
20020224,26.8007000
20020225,26.8007000
20020226,26.8007000
20020227,26.8971000
20020228,26.7120000
20020301,26.7634000
20020302,26.8343000
20020303,26.8343000
20020304,26.8343000
20020305,26.8230000
20020306,26.9466000
20020307,27.0025000
20020308,27.1978000
20020309,27.1978000
20020310,27.1978000
20020311,27.1978000
20020312,27.1834000
20020313,27.1975000
20020314,27.1727000
20020315,27.2326000
20020316,27.4543000
20020317,27.4543000
20020318,27.4543000
20020319,27.3598000
20020320,27.4458000
20020321,27.3966000
20020322,27.5697000
20020323,27.4450000
20020324,27.4450000
20020325,27.4450000
20020326,27.3101000
20020327,27.3181000
20020328,27.2658000
20020329,27.1477000
20020330,27.1515000
20020331,27.1515000
20020401,27.1515000
20020402,27.2493000
20020403,27.4076000
20020404,27.4096000
20020405,27.4793000
20020406,27.3840000
20020407,27.3840000
20020408,27.3840000
20020409,27.3998000
20020410,27.2408000
20020411,27.4620000
20020412,27.4575000
20020413,27.4482000
20020414,27.4482000
20020415,27.4482000
20020416,27.4607000
20020417,27.4461000
20020418,27.5256000
20020419,27.7555000
20020420,27.7828000
20020421,27.7828000
20020422,27.7828000
20020423,27.7093000
20020424,27.6486000
20020425,27.6838000
20020426,27.8609000
20020427,28.0343000
20020428,28.1278000
20020429,28.1278000
20020430,28.1453000
20020501,28.1785000
20020502,28.1785000
20020503,28.1785000
20020504,28.1785000
20020505,28.1785000
20020506,28.1785000
20020507,28.5699000
20020508,28.5778000
20020509,28.5089000
20020510,28.5089000
20020511,28.5089000
20020512,28.5089000
20020513,28.5089000
20020514,28.6130000
20020515,28.3551000
20020516,28.1846000
20020517,28.4674000
20020518,28.5486000
20020519,28.7768000
20020520,28.7768000
20020521,28.7797000
20020522,28.7921000
20020523,28.8203000
20020524,28.9356000
20020525,28.7978000
20020526,28.7978000
20020527,28.7978000
20020528,28.8072000
20020529,28.8407000
20020530,29.0874000
20020531,29.3254000
20020601,29.3711000
20020602,29.3711000
20020603,29.3711000
20020604,29.2125000
20020605,29.4946000
20020606,29.4961000
20020607,29.3331000
20020608,29.6953000
20020609,29.6953000
20020610,29.6953000
20020611,29.5643000
20020613,29.6348000
20020617,29.6603000
20020618,29.6889000
20020619,29.7404000
20020620,30.0129000
20020621,30.1292000
20020624,30.3680000
20020625,30.5913000
20020626,30.5661000
20020627,31.0770000
20020628,30.9423000
20020629,31.0792000
20020702,31.3238000
20020703,31.0334000
20020704,30.9267000
20020705,30.7880000
20020706,30.7025000
20020708,30.7025000
20020709,31.0917000
20020710,31.1715000
20020711,31.3646000
20020712,31.2062000
20020713,31.1390000
20020715,31.1390000
20020716,31.3310000
20020717,31.6605000
20020718,31.9401000
20020719,31.7570000
20020720,32.0598000
20020722,32.0598000
20020723,31.8837000
20020724,31.4763000
20020725,31.2389000
20020726,31.5901000
20020727,31.5258000
20020729,31.5258000
20020730,31.0830000
20020731,30.8019000
20020801,30.8717000
20020802,30.7988000
20020803,31.1022000
20020805,31.1022000
20020806,31.0394000
20020807,30.8292000
20020808,30.5476000
20020809,30.7912000
20020810,30.6353000
20020812,30.6353000
20020813,30.7375000
20020814,30.8479000
20020815,31.1336000
20020816,30.8665000
20020817,30.9639000
20020819,30.9639000
20020820,31.0880000
20020821,30.8611000
20020822,31.0557000
20020823,30.8765000
20020824,30.5748000
20020827,30.6550000
20020828,30.7906000
20020829,30.9500000
20020830,31.0124000
20020831,31.0938000
20020903,30.9896000
20020904,31.1786000
20020905,31.5074000
20020906,31.4469000
20020907,31.4226000
20020909,31.4226000
20020910,30.9943000
20020911,30.8632000
20020912,30.8720000
20020913,30.8517000
20020914,31.0751000
20020916,31.0751000
20020917,30.6998000
20020918,30.5555000
20020919,30.6795000
20020920,30.9400000
20020921,31.1254000
20020923,31.1254000
20020924,31.0473000
20020925,30.9236000
20020926,31.0655000
20020927,30.9643000
20020928,30.9082000
20020930,30.9082000
20021001,31.1409000
20021002,31.3179000
20021003,31.1467000
20021004,31.2912000
20021005,31.2428000
20021007,31.2428000
20021008,31.0174000
20021009,31.1097000
20021010,31.0562000
20021011,31.3265000
20021012,31.2649000
20021014,31.2649000
20021015,31.3029000
20021016,31.2834000
20021017,31.1319000
20021018,31.0077000
20021019,30.7447000
20021021,30.7447000
20021022,30.8510000
20021023,30.8928000
20021024,31.0150000
20021025,30.9150000
20021026,31.0333000
20021028,31.0333000
20021029,30.9063000
20021030,31.1937000
20021031,31.1790000
20021101,31.3666000
20021102,31.4660000
20021105,31.6632000
20021106,31.7337000
20021107,31.6135000
20021110,31.6135000
20021111,32.2268000
20021112,32.1855000
20021113,32.0899000
20021114,32.1179000
20021115,31.9921000
20021116,31.9339000
20021119,32.1318000
20021120,32.1343000
20021121,31.9089000
20021122,31.8821000
20021123,31.9113000
20021125,31.9113000
20021126,31.6919000
20021127,31.6058000
20021128,31.6108000
20021129,31.5216000
20021130,31.6736000
20021202,31.6736000
20021203,31.6476000
20021204,31.7596000
20021205,31.8564000
20021206,31.8578000
20021207,31.9333000
20021209,31.9333000
20021210,32.2038000
20021211,32.2725000
20021212,32.1467000
20021216,32.6246000
20021217,32.6172000
20021218,32.7540000
20021219,32.6666000
20021220,32.6920000
20021221,32.6889000
20021223,32.6889000
20021224,32.7092000
20021225,32.6821000
20021226,32.8029000
20021227,32.8624000
20021228,32.9731000
20021230,32.9731000
20021231,33.1098000
20030101,33.2719000
20030105,33.1543000
20030106,33.1829000
20030109,33.2556000
20030110,33.5367000
20030111,33.4339000
20030114,33.6139000
20030115,33.6146000
20030116,33.5191000
20030117,33.6360000
20030118,33.7890000
20030120,33.7890000
20030121,33.8718000
20030122,33.8546000
20030123,34.1157000
20030124,34.1205000
20030125,34.3106000
20030127,34.3106000
20030128,34.4427000
20030129,34.3695000
20030130,34.5984000
20030131,34.4443000
20030201,34.4290000
20030204,34.2406000
20030205,34.4236000
20030206,34.7830000
20030207,34.3149000
20030208,34.3756000
20030211,34.4180000
20030212,34.0947000
20030213,34.0440000
20030214,34.1309000
20030215,34.2984000
20030218,33.9187000
20030219,33.9166000
20030220,33.8643000
20030221,33.9668000
20030222,34.1403000
20030226,34.1429000
20030227,34.0118000
20030228,34.0549000
20030301,33.9409000
20030304,34.0790000
20030305,34.4769000
20030306,34.6785000
20030307,34.6343000
20030308,34.7938000
20030311,34.7938000
20030312,34.7025000
20030313,34.6885000
20030314,34.2156000
20030315,33.9239000
20030318,33.9923000
20030319,33.4209000
20030320,33.3600000
20030321,33.3235000
20030322,33.2765000
20030324,33.2765000
20030325,33.3165000
20030326,33.6080000
20030327,33.4008000
20030328,33.6205000
20030329,33.5865000
20030331,33.5865000
20030401,33.9815000
20030402,34.1079000
20030403,33.9954000
20030404,33.7064000
20030405,33.5685000
20030407,33.5685000
20030408,33.1941000
20030409,33.4586000
20030410,33.6376000
20030411,33.7511000
20030412,33.7251000
20030414,33.7251000
20030415,33.6083000
20030416,33.5625000
20030417,33.7294000
20030418,34.1174000
20030419,33.9658000
20030422,33.8392000
20030423,33.8582000
20030424,34.1326000
20030425,34.2629000
20030426,34.3033000
20030429,34.4246000
20030430,34.1447000
20030501,34.5513000
20030506,34.8780000
20030507,35.1389000
20030508,35.4892000
20030509,35.2520000
20030513,35.8510000
20030514,35.6860000
20030515,35.5880000
20030516,35.4349000
20030517,35.2025000
20030520,36.1567000
20030521,36.0425000
20030522,36.1940000
20030523,35.9157000
20030524,36.0051000
20030527,36.3049000
20030528,36.3663000
20030529,36.2218000
20030530,36.0178000
20030531,36.4669000
20030603,35.9101000
20030604,36.1380000
20030605,36.0537000
20030606,35.7323000
20030607,36.2449000
20030610,35.5971000
20030611,35.8548000
20030612,35.7726000
20030617,36.1788000
20030618,36.0313000
20030619,35.8119000
20030620,35.3631000
20030621,35.6001000
20030623,35.2112000
20030624,35.1719000
20030625,35.0616000
20030626,34.9142000
20030627,34.9300000
20030630,34.7124000
20030701,34.7223000
20030702,34.9303000
20030703,34.9976000
20030704,34.9038000
20030707,34.7342000
20030708,34.6951000
20030710,34.4786000
20030711,34.4877000
20030714,34.4247000
20030715,34.3699000
20030716,34.4838000
20030717,34.0903000
20030718,34.2018000
20030721,34.2130000
20030722,34.2541000
20030723,34.3973000
20030724,34.5175000
20030725,34.8544000
20030728,34.7730000
20030729,34.6688000
20030730,34.8180000
20030731,34.6291000
20030801,34.3395000
20030802,34.0122000
20030805,34.1993000
20030806,34.4208000
20030807,34.5820000
20030808,34.3706000
20030809,34.5470000
20030812,34.2858000
20030813,34.5016000
20030814,34.2054000
20030815,34.3321000
20030816,34.1534000
20030819,34.0606000
20030820,33.7253000
20030821,33.6967000
20030822,33.5426000
20030823,33.0500000
20030826,32.9679000
20030827,32.9538000
20030828,33.0387000
20030829,33.0903000
20030830,33.2001000
20030902,33.6340000
20030903,33.3382000
20030904,33.0370000
20030905,33.2195000
20030906,33.6056000
20030909,34.0078000
20030910,34.0449000
20030911,34.3983000
20030912,34.4732000
20030913,34.2921000
20030916,34.5690000
20030918,34.2389000
20030919,34.5427000
20030920,34.4044000
20030925,34.8299000
20030926,35.0582000
20030927,34.9985000
20030930,35.0751000
20031001,35.6043000
20031002,35.7141000
20031003,35.7629000
20031004,35.6005000
20031007,35.1543000
20031008,35.5985000
20031009,35.8665000
20031010,35.8617000
20031011,35.4233000
20031014,35.2427000
20031015,35.0754000
20031016,35.3319000
20031017,35.0389000
20031020,34.8288000
20031021,34.9558000
20031022,34.8288000
20031023,34.9981000
20031024,35.3805000
20031025,35.3184000
20031028,35.3435000
20031029,35.0940000
20031030,34.9269000
20031031,34.8657000
20031101,34.7992000
20031103,34.7992000
20031104,34.6813000
20031105,34.2115000
20031106,34.2574000
20031107,34.1369000
20031111,34.3814000
20031112,34.1792000
20031113,34.4877000
20031114,34.8455000
20031115,35.1203000
20031118,35.1339000
20031119,35.0453000
20031120,35.6500000
20031121,35.4809000
20031122,35.4476000
20031125,35.4032000
20031126,35.0617000
20031127,35.1836000
20031128,35.4731000
20031129,35.5021000
20031202,35.6624000
20031203,35.5741000
20031204,35.9013000
20031205,35.8690000
20031206,35.8194000
20031209,35.9537000
20031210,36.1609000
20031211,35.9885000
20031212,35.8660000
20031216,35.9039000
20031217,36.1582000
20031218,36.0182000
20031219,36.2965000
20031220,36.3369000
20031223,36.2942000
20031224,36.2813000
20031225,36.3047000
20031226,36.4305000
20031227,36.4730000
20031230,36.6915000
20031231,36.8240000
20040106,37.3483000
20040107,37.1587000
20040109,36.7305000
20040110,36.9269000
20040113,37.1600000
20040114,36.8474000
20040115,36.7648000
20040116,36.5846000
20040117,36.2900000
20040120,35.7648000
20040121,35.7024000
20040122,36.2884000
20040123,36.3462000
20040124,36.3716000
20040127,35.7429000
20040128,35.5198000
20040129,35.9253000
20040130,35.6060000
20040131,35.3635000
20040203,35.5281000
20040204,35.8186000
20040205,35.7914000
20040206,35.7329000
20040207,35.8894000
20040210,36.3012000
20040211,36.4206000
20040212,36.1576000
20040213,36.5857000
20040214,36.5601000
20040217,36.3054000
20040218,36.5584000
20040219,36.7315000
20040220,36.1812000
20040221,36.1439000
20040225,35.7417000
20040226,36.1745000
20040227,35.6273000
20040228,35.5076000
20040302,35.7593000
20040303,35.4083000
20040304,34.8935000
20040305,34.9517000
20040306,34.9482000
20040310,35.4923000
20040311,35.0623000
20040312,34.9014000
20040313,35.0053000
20040316,34.9374000
20040317,35.1127000
20040318,35.0141000
20040319,35.0585000
20040320,35.3342000
20040323,34.9701000
20040324,35.2309000
20040325,35.0710000
20040326,34.5338000
20040327,34.4519000
20040330,34.4370000
20040331,34.8005000
20040401,34.9082000
20040402,34.9639000
20040403,35.1921000
20040405,34.5002000
20040406,34.5002000
20040407,34.2977000
20040408,34.4038000
20040409,34.7881000
20040410,34.4815000
20040413,34.4412000
20040414,34.4071000
20040415,34.1175000
20040416,34.2066000
20040417,34.3181000
20040420,34.5178000
20040421,34.3325000
20040422,34.2486000
20040423,34.2700000
20040424,34.5230000
20040427,34.2007000
20040428,34.2254000
20040429,34.3275000
20040430,34.1431000
20040501,34.6289000
20040506,35.0268000
20040507,35.1182000
20040508,34.9057000
20040512,34.4356000
20040513,34.4636000
20040514,34.5030000
20040515,34.3850000
20040518,34.7855000
20040519,34.7516000
20040520,34.8286000
20040521,34.5624000
20040522,34.7981000
20040525,34.6392000
20040526,34.8991000
20040527,35.0968000
20040528,35.2689000
20040529,35.6052000
20040601,35.3907000
20040602,35.5054000
20040603,35.6951000
20040604,35.5139000
20040605,35.4719000
20040608,35.7851000
20040609,35.8130000
20040610,35.5518000
20040611,35.0193000
20040612,34.8954000
20040616,35.0184000
20040617,35.3056000
20040618,34.9335000
20040619,34.7931000
20040622,35.1684000
20040623,35.0888000
20040624,35.3719000
20040625,35.0264000
20040626,35.2951000
20040629,35.3283000
20040630,35.2915000
20040701,35.0889000
20040702,35.3344000
20040703,35.3341000
20040706,35.7312000
20040707,35.7717000
20040708,35.9084000
20040709,35.9525000
20040710,36.1139000
20040713,36.1339000
20040714,35.9953000
20040715,35.8878000
20040716,35.9450000
20040717,35.9650000
20040720,36.1936000
20040721,36.2065000
20040722,35.8396000
20040723,35.6632000
20040724,35.5627000
20040727,35.2401000
20040728,35.2837000
20040729,35.1198000
20040730,35.1542000
20040731,35.0532000
20040803,35.1609000
20040804,35.0574000
20040805,35.0846000
20040806,35.1951000
20040807,35.2507000
20040810,35.9296000
20040811,35.9190000
20040812,35.8014000
20040813,35.8338000
20040814,35.7210000
20040817,36.1224000
20040818,36.1100000
20040819,36.1246000
20040820,36.0788000
20040821,36.1421000
20040824,35.9583000
20040825,35.5120000
20040826,35.3154000
20040827,35.2688000
20040828,35.4634000
20040831,35.1463000
20040901,35.3713000
20040902,35.6270000
20040903,35.5931000
20040904,35.5708000
20040907,35.2343000
20040908,35.3196000
20040909,35.2703000
20040910,35.6217000
20040911,35.7436000
20040914,35.8469000
20040915,35.8775000
20040916,35.7622000
20040917,35.5153000
20040918,35.6443000
20040921,35.5347000
20040922,35.5769000
20040923,35.9693000
20040924,35.8317000
20040925,35.8674000
20040928,35.8690000
20040929,35.9052000
20040930,35.9896000
20041001,36.0312000
20041002,36.3203000
20041004,36.3203000
20041005,36.1401000
20041006,35.8926000
20041007,35.9980000
20041008,35.9411000
20041009,36.0597000
20041012,35.9197000
20041013,35.9573000
20041014,35.8670000
20041015,35.9750000
20041016,36.0998000
20041019,36.3552000
20041020,36.3153000
20041021,36.4491000
20041022,36.6650000
20041023,36.6546000
20041026,36.8635000
20041027,36.8383000
20041028,36.6986000
20041029,36.6290000
20041030,36.6472000
20041102,36.7819000
20041103,36.6140000
20041104,36.6009000
20041105,36.8969000
20041106,36.9359000
20041110,37.0676000
20041111,36.9838000
20041112,36.9800000
20041113,37.0353000
20041116,37.2189000
20041117,37.1455000
20041118,37.2091000
20041119,37.2544000
20041120,37.0349000
20041123,37.1769000
20041124,37.1210000
20041125,37.2229000
20041126,37.3293000
20041127,37.5597000
20041130,37.4165000
20041201,37.3264000
20041202,37.3062000
20041203,37.4238000
20041204,37.0537000
20041207,37.3755000
20041208,37.4795000
20041209,37.3663000
20041210,37.3238000
20041211,37.2788000
20041215,37.2424000
20041216,37.2072000
20041217,37.3714000
20041218,36.9577000
20041221,37.1880000
20041222,37.3541000
20041223,37.2039000
20041224,37.3979000
20041225,37.5973000
20041228,37.6330000
20041229,37.8323000
20041230,37.8409000
20041231,37.8104000
20050112,36.7299000
20050113,36.5953000
20050114,36.9414000
20050115,36.6971000
20050118,36.6924000
20050119,36.6705000
20050120,36.6495000
20050121,36.6213000
20050122,36.4744000
20050125,36.6165000
20050126,36.4780000
20050127,36.4901000
20050128,36.6665000
20050129,36.6250000
20050201,36.5899000
20050202,36.4643000
20050203,36.5606000
20050204,36.4667000
20050205,36.2831000
20050208,36.1305000
20050209,35.9781000
20050210,35.9737000
20050211,36.0025000
20050212,36.1302000
20050215,36.2856000
20050216,36.3428000
20050217,36.4749000
20050218,36.5453000
20050219,36.5066000
20050222,36.4907000
20050223,36.6648000
20050225,36.7205000
20050226,36.6281000
20050301,36.7200000
20050302,36.5511000
20050303,36.4713000
20050304,36.4078000
20050305,36.3771000
20050306,36.6487000
20050310,36.7848000
20050311,36.9030000
20050312,36.8772000
20050315,36.8769000
20050316,36.7269000
20050317,36.6648000
20050318,36.8198000
20050319,36.7004000
20050322,36.4520000
20050323,36.3291000
20050324,36.1451000
20050325,36.0255000
20050326,35.8888000
20050329,35.9126000
20050330,35.9942000
20050331,36.0564000
20050401,36.0274000
20050402,36.1532000
20050405,35.9480000
20050406,35.8155000
20050407,35.8988000
20050408,35.9202000
20050409,35.7435000
20050412,35.9367000
20050413,36.0640000
20050414,35.9417000
20050415,35.8216000
20050416,35.7215000
20050419,35.9296000
20050420,36.1416000
20050421,36.2160000
20050422,36.2801000
20050423,36.1882000
20050426,36.1618000
20050427,36.0890000
20050428,35.9275000
20050429,35.9237000
20050430,36.0072000
20050504,35.7642000
20050505,35.9820000
20050506,36.0087000
20050507,35.9540000
20050512,35.8298000
20050513,35.6121000
20050514,35.4045000
20050515,35.4045000
20050517,35.2885000
20050518,35.3578000
20050519,35.3457000
20050520,35.4459000
20050521,35.3397000
20050524,35.2233000
20050525,35.2848000
20050526,35.2786000
20050527,35.2229000
20050528,35.1859000
20050531,35.1963000
20050601,34.9134000
20050602,34.8741000
20050603,34.7197000
20050604,34.8004000
20050607,34.8483000
20050608,34.9199000
20050609,34.9429000
20050610,34.7606000
20050611,34.7925000
20050615,34.6503000
20050616,34.4744000
20050617,34.5488000
20050618,34.6153000
20050621,34.8154000
20050622,34.6593000
20050623,34.7773000
20050624,34.6694000
20050625,34.5148000
20050628,34.7107000
20050629,34.6981000
20050630,34.5241000
20050701,34.6258000
20050702,34.5415000
20050705,34.3561000
20050706,34.2770000
20050707,34.3920000
20050708,34.3839000
20050709,34.3655000
20050712,34.4987000
20050713,34.7844000
20050714,34.8641000
20050715,34.6165000
20050716,34.7101000
20050719,34.5992000
20050720,34.4674000
20050721,34.5899000
20050722,34.7562000
20050723,34.8037000
20050726,34.5483000
20050727,34.5557000
20050728,34.4621000
20050729,34.5844000
20050730,34.7160000
20050802,34.8173000
20050803,34.8879000
20050804,34.8769000
20050805,35.1168000
20050806,35.1576000
20050809,35.0695000
20050810,35.1872000
20050811,35.1563000
20050812,35.1925000
20050813,35.3081000
20050816,35.1704000
20050817,35.1052000
20050818,35.0132000
20050819,34.9673000
20050820,34.7722000
20050823,34.8168000
20050824,34.9074000
20050825,34.7929000
20050826,35.0280000
20050827,35.0510000
20050830,35.0654000
20050831,34.8763000
20050901,34.8790000
20050902,35.1128000
20050903,35.3966000
20050906,35.3994000
20050907,35.2212000
20050908,35.2773000
20050909,35.1451000
20050910,35.1253000
20050913,34.9665000
20050914,34.8774000
20050915,34.7805000
20050916,34.6480000
20050917,34.7782000
20050920,34.4913000
20050921,34.5565000
20050922,34.6222000
20050923,34.6449000
20050924,34.5022000
20050927,34.3412000
20050928,34.2985000
20050929,34.3381000
20051001,34.3074000
20051004,34.2185000
20051005,34.1339000
20051006,34.1843000
20051007,34.3960000
20051008,34.6245000
20051011,34.5379000
20051012,34.3331000
20051013,34.2412000
20051014,34.2959000
20051015,34.3576000
20051018,34.4746000
20051019,34.3082000
20051020,34.1248000
20051021,34.2948000
20051022,34.4085000
20051025,34.2009000
20051026,34.1874000
20051027,34.4634000
20051028,34.4685000
20051029,34.5300000
20051101,34.3946000
20051102,34.2743000
20051103,34.3795000
20051108,33.9417000
20051109,33.8194000
20051110,33.9306000
20051111,33.9077000
20051112,33.8000000
20051115,33.8636000
20051116,33.7577000
20051117,33.7895000
20051118,33.6810000
20051122,33.8992000
20051123,33.8037000
20051124,33.9952000
20051125,33.9431000
20051126,33.8479000
20051129,33.7546000
20051130,33.9890000
20051201,33.9393000
20051202,33.9395000
20051203,33.9320000
20051206,33.9158000
20051207,34.0616000
20051208,33.9997000
20051209,34.0166000
20051210,34.1006000
20051213,34.1639000
20051214,34.3327000
20051215,34.4276000
20051216,34.4270000
20051217,34.3512000
20051220,34.4138000
20051221,34.3491000
20051222,34.1962000
20051223,34.1148000
20051224,34.1733000
20051227,34.1379000
20051228,34.1288000
20051229,34.2379000
20051230,34.1737000
20051231,34.1850000
20060111,34.3352000
20060112,34.3538000
20060113,34.4763000
20060114,34.3539000
20060117,34.3684000
20060118,34.2940000
20060119,34.2769000
20060120,34.2010000
20060121,34.1613000
20060124,34.3459000
20060125,34.3939000
20060126,34.3321000
20060127,34.2742000
20060128,34.1949000
20060131,34.0373000
20060201,34.0492000
20060202,34.1354000
20060203,33.9944000
20060204,34.0389000
20060207,33.9016000
20060208,33.8549000
20060209,33.8436000
20060210,33.8487000
20060211,33.8244000
20060214,33.6217000
20060215,33.5733000
20060216,33.5939000
20060217,33.5396000
20060218,33.5260000
20060221,33.6531000
20060222,33.5837000
20060223,33.5741000
20060227,33.4397000
20060228,33.3305000
20060301,33.3291000
20060302,33.4472000
20060303,33.4373000
20060304,33.5753000
20060307,33.6552000
20060308,33.4786000
20060310,33.4320000
20060311,33.3946000
20060314,33.4862000
20060315,33.5215000
20060316,33.4814000
20060317,33.5224000
20060318,33.6811000
20060321,33.6834000
20060322,33.6172000
20060323,33.5356000
20060324,33.5021000
20060325,33.3356000
20060328,33.4415000
20060329,33.3984000
20060330,33.3930000
20060331,33.4734000
20060401,33.6273000
20060404,33.4618000
20060405,33.6127000
20060406,33.8191000
20060407,33.8466000
20060408,33.6814000
20060411,33.5356000
20060412,33.5782000
20060413,33.6072000
20060414,33.5595000
20060415,33.5449000
20060418,33.6577000
20060419,33.7702000
20060420,33.9303000
20060421,33.8993000
20060422,33.8136000
20060425,33.9485000
20060426,33.9596000
20060427,34.0073000
20060428,34.0631000
20060429,34.1906000
20060503,34.2546000
20060504,34.3670000
20060505,34.2882000
20060506,34.4091000
20060507,34.4703000
20060511,34.5438000
20060512,34.4779000
20060513,34.6892000
20060516,34.7359000
20060517,34.6165000
20060518,34.7016000
20060519,34.5095000
20060520,34.5988000
20060523,34.4532000
20060524,34.6764000
20060525,34.5815000
20060526,34.5385000
20060527,34.5479000
20060530,34.4973000
20060531,34.6367000
20060601,34.7064000
20060602,34.7064000
20060603,34.4366000
20060606,34.5800000
20060607,34.5392000
20060608,34.3704000
20060609,34.3366000
20060610,34.1407000
20060614,34.0576000
20060615,34.0705000
20060616,34.1206000
20060617,34.1465000
20060620,34.0623000
20060621,34.0307000
20060622,34.0919000
20060623,34.1596000
20060627,33.9508000
20060628,34.0486000
20060629,34.0077000
20060630,33.9759000
20060701,34.2383000
20060704,34.3578000
20060705,34.3978000
20060706,34.3648000
20060707,34.2821000
20060708,34.3421000
20060711,34.3647000
20060712,34.2354000
20060713,34.3011000
20060714,34.2220000
20060715,34.1488000
20060718,34.0151000
20060719,33.8661000
20060720,33.8247000
20060721,33.9789000
20060722,34.0332000
20060725,34.0136000
20060726,34.0673000
20060727,33.9291000
20060728,34.1713000
20060729,34.1084000
20060801,34.2112000
20060802,34.1720000
20060803,34.3016000
20060804,34.2126000
20060805,34.2508000
20060808,34.3633000
20060809,34.2954000
20060810,34.3009000
20060811,34.3852000
20060812,34.2039000
20060815,34.1887000
20060816,34.1486000
20060817,34.2495000
20060818,34.3625000
20060819,34.3162000
20060822,34.4014000
20060823,34.3770000
20060824,34.2599000
20060825,34.2168000
20060826,34.2019000
20060829,34.2540000
20060830,34.3080000
20060831,34.3127000
20060901,34.3180000
20060902,34.2668000
20060905,34.3434000
20060906,34.1932000
20060907,34.1927000
20060908,34.1893000
20060909,34.0339000
20060912,33.9887000
20060913,34.0435000
20060914,34.0147000
20060915,33.9977000
20060916,34.0446000
20060919,33.9724000
20060920,34.0052000
20060921,33.9577000
20060922,34.0160000
20060923,34.1525000
20060926,34.1465000
20060927,34.0600000
20060928,33.9726000
20060929,34.0284000
20060930,33.9783000
20061003,33.9651000
20061004,34.1013000
20061005,34.0745000
20061006,34.0458000
20061007,33.9900000
20061010,33.8757000
20061011,33.8828000
20061012,33.7945000
20061013,33.7963000
20061014,33.8393000
20061017,33.7247000
20061018,33.7588000
20061019,33.7983000
20061020,33.7820000
20061021,33.9048000
20061024,33.8532000
20061025,33.7603000
20061026,33.8003000
20061027,33.9272000
20061028,33.9677000
20061031,34.0284000
20061101,33.9852000
20061102,34.0842000
20061103,34.0778000
20061104,34.1075000
20061108,34.0917000
20061109,34.1015000
20061110,34.1096000
20061111,34.2380000
20061114,34.2299000
20061115,34.1798000
20061116,34.1741000
20061117,34.1718000
20061118,34.1216000
20061121,34.1900000
20061122,34.1741000
20061123,34.2499000
20061124,34.3555000
20061125,34.3937000
20061128,34.5983000
20061129,34.6296000
20061130,34.6775000
20061201,34.6899000
20061202,34.8186000
20061205,34.8718000
20061206,34.8797000
20061207,34.8671000
20061208,34.8847000
20061209,34.8356000
20061212,34.7130000
20061213,34.7616000
20061214,34.8115000
20061215,34.7558000
20061216,34.6526000
20061219,34.5741000
20061220,34.5776000
20061221,34.7341000
20061222,34.7065000
20061223,34.7082000
20061226,34.6197000
20061227,34.6054000
20061228,34.6536000
20061229,34.6249000
20061230,34.6965000
20070110,34.4862000
20070111,34.4129000
20070112,34.3828000
20070113,34.3136000
20070116,34.3771000
20070117,34.4037000
20070118,34.3374000
20070119,34.3991000
20070120,34.4173000
20070123,34.4009000
20070124,34.4016000
20070125,34.4555000
20070126,34.4099000
20070127,34.3176000
20070130,34.3212000
20070131,34.3896000
20070201,34.3802000
20070202,34.4929000
20070203,34.4690000
20070206,34.3601000
20070207,34.3214000
20070208,34.4128000
20070209,34.3419000
20070210,34.3015000
20070213,34.3097000
20070214,34.2649000
20070215,34.3688000
20070216,34.4602000
20070217,34.4555000
20070220,34.4676000
20070221,34.4823000
20070222,34.4591000
20070223,34.3920000
20070227,34.4908000
20070228,34.5180000
20070301,34.5390000
20070302,34.5500000
20070303,34.4816000
20070306,34.4618000
20070307,34.4180000
20070308,34.4206000
20070310,34.4564000
20070313,34.4292000
20070314,34.4808000
20070315,34.5090000
20070316,34.5308000
20070317,34.6563000
20070320,34.6435000
20070321,34.6429000
20070322,34.6558000
20070323,34.7309000
20070324,34.6751000
20070327,34.5937000
20070328,34.6768000
20070329,34.7015000
20070330,34.6644000
20070331,34.6861000
20070403,34.7107000
20070404,34.7301000
20070405,34.6887000
20070406,34.7214000
20070407,34.7812000
20070410,34.7102000
20070411,34.7886000
20070412,34.8028000
20070413,34.8423000
20070414,34.9177000
20070417,34.9518000
20070418,34.9350000
20070419,35.0029000
20070420,34.9795000
20070421,35.0387000
20070424,34.9844000
20070425,34.9651000
20070426,35.0580000
20070427,35.0586000
20070428,34.9972000
20070429,35.0653000
20070503,34.9823000
20070504,35.0195000
20070505,34.9609000
20070508,35.0178000
20070509,35.0180000
20070511,34.9486000
20070512,34.8585000
20070515,34.9294000
20070516,34.9439000
20070517,35.0134000
20070518,34.9200000
20070519,34.8706000
20070522,34.9082000
20070523,34.8619000
20070524,34.8358000
20070525,34.8358000
20070526,34.8041000
20070529,34.8354000
20070530,34.8187000
20070531,34.8164000
20070601,34.8128000
20070602,34.8177000
20070605,34.8180000
20070606,34.8940000
20070607,34.9369000
20070608,34.8929000
20070609,34.7780000
20070610,34.7471000
20070614,34.6333000
20070615,34.6471000
20070616,34.6698000
20070619,34.7756000
20070620,34.8093000
20070621,34.8155000
20070622,34.7676000
20070623,34.7900000
20070626,34.8472000
20070627,34.6819000
20070628,34.6993000
20070629,34.7324000
20070630,34.7150000
20070703,34.8368000
20070704,34.9454000
20070705,34.9657000
20070706,34.9580000
20070707,34.9575000
20070710,35.0081000
20070711,34.9342000
20070712,35.1099000
20070713,35.1263000
20070714,35.1072000
20070717,35.1066000
20070718,35.1068000
20070719,35.1379000
20070720,35.0869000
20070721,35.0770000
20070724,35.1079000
20070725,35.0902000
20070726,35.0728000
20070727,34.9666000
20070728,34.9911000
20070731,34.9336000
20070801,35.0015000
20070802,34.9528000
20070803,34.9774000
20070804,35.0262000
20070807,35.1950000
20070808,35.1489000
20070809,34.9968000
20070810,34.9499000
20070811,34.8808000
20070814,34.8325000
20070815,34.7413000
20070816,34.5813000
20070817,34.5480000
20070818,34.5502000
20070821,34.7372000
20070822,34.8259000
20070823,34.8511000
20070824,34.8377000
20070825,34.9344000
20070828,35.0773000
20070829,35.0006000
20070830,35.0042000
20070831,35.0114000
20070901,35.0233000
20070904,34.9221000
20070905,34.8571000
20070906,34.8951000
20070907,35.0210000
20070908,35.0848000
20070911,35.2366000
20070912,35.1857000
20070913,35.2223000
20070914,35.2309000
20070915,35.1674000
20070918,35.1358000
20070919,35.1010000
20070920,35.2135000
20070921,35.2188000
20070922,35.3186000
20070925,35.3088000
20070926,35.2193000
20070927,35.2954000
20070928,35.3261000
20070929,35.3457000
20071002,35.4443000
20071003,35.3712000
20071004,35.3428000
20071005,35.2531000
20071006,35.2837000
20071009,35.2693000
20071010,35.1788000
20071011,35.2652000
20071012,35.3414000
20071013,35.3363000
20071016,35.3383000
20071017,35.3746000
20071018,35.3372000
20071019,35.4194000
20071020,35.5346000
20071023,35.5330000
20071024,35.3999000
20071025,35.4003000
20071026,35.4497000
20071027,35.5580000
20071030,35.6248000
20071031,35.5874000
20071101,35.6492000
20071102,35.6768000
20071103,35.6888000
20071107,35.7455000
20071108,35.8517000
20071109,35.8798000
20071110,35.9304000
20071113,35.8674000
20071114,35.8461000
20071115,35.8926000
20071116,35.9053000
20071117,35.8365000
20071120,35.8619000
20071121,35.9724000
20071122,36.0584000
20071123,36.0895000
20071124,36.1498000
20071127,36.0864000
20071128,36.0874000
20071129,36.0244000
20071130,36.0389000
20071201,36.0055000
20071204,35.9136000
20071205,35.8925000
20071206,35.9662000
20071207,35.7972000
20071208,35.8327000
20071211,35.8798000
20071212,35.9595000
20071213,35.9242000
20071214,35.9418000
20071215,35.8398000
20071218,35.6038000
20071219,35.5822000
20071220,35.5813000
20071221,35.5501000
20071222,35.5796000
20071225,35.5677000
20071226,35.5839000
20071227,35.6152000
20071228,35.7261000
20071229,35.9410000
20071230,35.9332000
20080110,35.9762000
20080111,35.9214000
20080112,36.0389000
20080115,36.1212000
20080116,36.1130000
20080117,36.0646000
20080118,35.8620000
20080119,35.8669000
20080122,35.8298000
20080123,35.8490000
20080124,35.9832000
20080125,35.9891000
20080126,36.0714000
20080129,36.1033000
20080130,36.1398000
20080131,36.1688000
20080201,36.2900000
20080202,36.3225000
20080205,36.2731000
20080206,36.3059000
20080207,36.0980000
20080208,36.0259000
20080209,35.8585000
20080212,35.9316000
20080213,35.8317000
20080214,35.9006000
20080215,35.9732000
20080216,36.0309000
20080219,36.0663000
20080220,36.0992000
20080221,36.1036000
20080222,36.1399000
20080223,36.2248000
20080227,36.1921000
20080228,36.3893000
20080229,36.4054000
20080301,36.5099000
20080304,36.5125000
20080305,36.5169000
20080306,36.4918000
20080307,36.6204000
20080308,36.6921000
20080312,36.6446000
20080313,36.6538000
20080314,36.8701000
20080315,36.8995000
20080318,37.1123000
20080319,37.0825000
20080320,37.0216000
20080321,36.8739000
20080322,36.7526000
20080325,36.6632000
20080326,36.8527000
20080327,36.9103000
20080328,37.0794000
20080329,37.0676000
20080401,37.0873000
20080402,36.9851000
20080403,36.8693000
20080404,36.9414000
20080405,36.9760000
20080408,36.9714000
20080409,37.0433000
20080410,37.0295000
20080411,37.1299000
20080412,37.1070000
20080415,37.0603000
20080416,37.1291000
20080417,37.1396000
20080418,37.2336000
20080419,37.2348000
20080422,37.1137000
20080423,37.1598000
20080424,37.2606000
20080425,37.1463000
20080426,36.9422000
20080429,36.9469000
20080430,36.8895000
20080501,36.8959000
20080505,36.6997000
20080506,36.7666000
20080507,36.7701000
20080508,36.7757000
20080509,36.6035000
20080513,36.6715000
20080514,36.8346000
20080515,36.8730000
20080516,37.0339000
20080517,36.9053000
20080520,36.9474000
20080521,36.9705000
20080522,37.0731000
20080523,37.2238000
20080524,37.0932000
20080527,37.1357000
20080528,37.1239000
20080529,37.0987000
20080530,36.8904000
20080531,36.7827000
20080603,36.8701000
20080604,36.8699000
20080605,36.7382000
20080606,36.7699000
20080607,36.9233000
20080608,37.1810000
20080610,37.1420000
20080611,36.8070000
20080612,36.6841000
20080617,36.5681000
20080618,36.6943000
20080619,36.6827000
20080620,36.7325000
20080621,36.7003000
20080624,36.7427000
20080625,36.7138000
20080626,36.7203000
20080627,36.8276000
20080628,36.9077000
20080701,36.9710000
20080702,36.9823000
20080703,37.0561000
20080704,37.1069000
20080705,36.9381000
20080708,36.8131000
20080709,36.8823000
20080710,36.7822000
20080711,36.8747000
20080712,36.8774000
20080715,36.9009000
20080716,36.8759000
20080717,36.8559000
20080718,36.8093000
20080719,36.7991000
20080722,36.8142000
20080723,36.9419000
20080724,36.7695000
20080725,36.6664000
20080726,36.7128000
20080729,36.6768000
20080730,36.7203000
20080731,36.5329000
20080801,36.5752000
20080802,36.5353000
20080805,36.4586000
20080806,36.3999000
20080807,36.4564000
20080808,36.4737000
20080809,36.2996000
20080812,36.7808000
20080813,36.1850000
20080814,36.1034000
20080815,36.1922000
20080816,36.1406000
20080819,36.1200000
20080820,35.9832000
20080821,36.0439000
20080822,35.9975000
20080823,36.1257000
20080826,36.0083000
20080827,36.0888000
20080828,36.1574000
20080829,36.2884000
20080830,36.2264000
20080902,36.1248000
20080903,35.9455000
20080904,35.9279000
20080905,36.5937000
20080906,36.3908000
20080909,36.2670000
20080910,36.0877000
20080911,36.1851000
20080912,35.9922000
20080913,36.0821000
20080916,36.4299000
20080917,36.3415000
20080918,36.2958000
20080919,36.4066000
20080920,36.2568000
20080923,36.6274000
20080924,36.8974000
20080925,36.7957000
20080926,36.7099000
20080927,36.5948000
20080930,36.3700000
20081001,36.4999000
20081002,36.1530000
20081003,35.9458000
20081004,35.8757000
20081007,35.5476000
20081008,35.5512000
20081009,35.5632000
20081010,35.6839000
20081011,35.5171000
20081014,35.6051000
20081015,35.6063000
20081016,35.5798000
20081017,35.3188000
20081018,35.3988000
20081021,35.1731000
20081022,35.0881000
20081023,34.6345000
20081025,34.4144000
20081028,34.0844000
20081029,34.1627000
20081030,34.4306000
20081031,35.0447000
20081101,34.4092000
20081102,34.4828000
20081106,34.5449000
20081107,34.6484000
20081108,34.5112000
20081111,34.5677000
20081112,34.8064000
20081113,34.6319000
20081114,34.3777000
20081115,34.7938000
20081118,34.5766000
20081119,34.6250000
20081120,34.6693000
20081121,34.4975000
20081122,34.5215000
20081125,34.9141000
20081126,35.2416000
20081127,35.4565000
20081128,35.3629000
20081129,35.7166000
20081202,35.4095000
20081203,35.3037000
20081204,35.4404000
20081205,35.3887000
20081206,35.8786000
20081209,36.0107000
20081210,36.0061000
20081211,36.1715000
20081212,36.6678000
20081213,36.9008000
20081216,37.4292000
20081217,37.8188000
20081218,38.7040000
20081219,39.7798000
20081220,39.5475000
20081223,39.7253000
20081224,39.6674000
20081225,39.9565000
20081226,40.1859000
20081227,40.7880000
20081230,41.6294000
20081231,41.4411000
20090101,41.4275000
20090112,41.1311000
20090113,41.5282000
20090114,41.4105000
20090115,41.9706000
20090116,42.3833000
20090117,43.0800000
20090120,43.7815000
20090121,43.3331000
20090122,42.1454000
20090123,42.6454000
20090124,42.3986000
20090127,42.4861000
20090128,43.7123000
20090129,44.0305000
20090130,45.3398000
20090131,45.6636000
20090203,46.0457000
20090204,46.3896000
20090205,46.8392000
20090206,46.5924000
20090207,46.4788000
20090210,46.5951000
20090211,46.3621000
20090212,46.3312000
20090213,44.9655000
20090214,44.6107000
20090217,44.3476000
20090218,44.9957000
20090219,45.9741000
20090220,45.4422000
20090221,45.4089000
20090225,45.9108000
20090226,45.9670000
20090227,45.4280000
20090228,45.3543000
20090303,45.5201000
20090304,45.8071000
20090305,45.3543000
20090306,45.2572000
20090307,45.3686000
20090311,45.0365000
20090312,44.4258000
20090313,45.0674000
20090314,44.9258000
20090317,45.1894000
20090318,44.8603000
20090319,44.8083000
20090320,45.5416000
20090321,45.7695000
20090324,45.6323000
20090325,45.2674000
20090326,45.3963000
20090327,45.4446000
20090328,45.3151000
20090331,44.9419000
20090401,44.8946000
20090402,44.7912000
20090403,44.8684000
20090404,44.8523000
20090407,44.9412000
20090408,44.6578000
20090409,44.4993000
20090410,44.5860000
20090411,44.1607000
20090414,44.1986000
20090415,44.4470000
20090416,44.2653000
20090417,44.0555000
20090418,43.8226000
20090421,43.5613000
20090422,44.0764000
20090423,44.0392000
20090424,44.0216000
20090425,44.0392000
20090428,43.8783000
20090429,43.6596000
20090430,43.8389000
20090501,43.9939000
20090505,43.8727000
20090506,43.8501000
20090507,43.7250000
20090508,43.5406000
20090509,43.6574000
20090513,43.9709000
20090514,43.7798000
20090515,43.6258000
20090516,43.6124000
20090519,43.4714000
20090520,43.3303000
20090521,43.2460000
20090522,43.3562000
20090523,43.4644000
20090526,43.4909000
20090527,43.4712000
20090528,43.4963000
20090529,43.3269000
20090530,43.3780000
20090602,43.4875000
20090603,43.4152000
20090604,43.6490000
20090605,43.8542000
20090606,43.6009000
20090609,43.3280000
20090610,43.4909000
20090611,43.5895000
20090612,43.3546000
20090616,43.2958000
20090617,43.3511000
20090618,43.2796000
20090619,43.4340000
20090620,43.3914000
20090623,43.3216000
20090624,43.7556000
20090625,43.9274000
20090626,43.5728000
20090627,43.6965000
20090630,43.8191000
20090701,43.8512000
20090702,43.8069000
20090703,43.9052000
20090704,43.7942000
20090707,43.8481000
20090708,43.8559000
20090709,44.1387000
20090710,44.4070000
20090711,44.6732000
20090714,46.0059000
20090715,45.4873000
20090716,44.9940000
20090717,44.6066000
20090718,44.8023000
20090721,44.4466000
20090722,44.2743000
20090723,44.1159000
20090724,44.2771000
20090725,44.1712000
20090728,43.8249000
20090729,43.7675000
20090730,44.4351000
20090731,44.6927000
20090801,43.9978000
20090804,44.4642000
20090805,44.7097000
20090806,44.7780000
20090807,44.9168000
20090808,45.2893000
20090811,44.9498000
20090812,44.9389000
20090813,46.1718000
20090814,45.8108000
20090815,45.2618000
20090818,45.6350000
20090819,45.0884000
20090820,45.0123000
20090821,44.9842000
20090822,45.4663000
20090825,45.1512000
20090826,45.0476000
20090827,44.9407000
20090828,45.0782000
20090829,45.3011000
20090901,45.4321000
20090902,45.6501000
20090903,45.4880000
20090904,45.3932000
20090905,45.1084000
20090908,45.0672000
20090909,45.1084000
20090910,45.1512000
20090911,45.0212000
20090912,44.8886000
20090915,44.8575000
20090916,45.3036000
20090917,44.9612000
20090918,44.8133000
20090919,44.6807000
20090922,44.5271000
20090923,44.5625000
20090924,44.3946000
20090925,44.3620000
20090926,44.2562000
20090929,44.1291000
20090930,44.0068000
20091001,43.8877000
20091002,43.8245000
20091003,43.8154000
20091006,44.0259000
20091007,43.9667000
20091008,43.8211000
20091009,43.7510000
20091010,43.6052000
20091013,43.5069000
20091014,43.6133000
20091015,43.8647000
20091016,43.8460000
20091017,43.7429000
20091020,43.7453000
20091021,43.7166000
20091022,43.6003000
20091023,43.5705000
20091024,43.5353000
20091027,43.5002000
20091028,43.2606000
20091029,43.2489000
20091030,43.2180000
20091031,43.0678000
20091103,43.0588000
20091104,43.1606000
20091106,43.1897000
20091107,43.1578000
20091110,43.1476000
20091111,43.0742000
20091112,43.0424000
20091113,42.9134000
20091114,42.8971000
20091117,42.9541000
20091118,42.8948000
20091119,42.7844000
20091120,42.7998000
20091121,43.0407000
20091124,43.0856000
20091125,42.9981000
20091126,43.1921000
20091127,43.5523000
20091128,44.3571000
20091201,43.7658000
20091202,43.8736000
20091203,43.8252000
20091204,44.1945000
20091205,44.0275000
20091208,43.8905000
20091209,44.7174000
20091210,45.2608000
20091211,45.0735000
20091212,44.4913000
20091215,44.0806000
20091216,43.9441000
20091217,43.9016000
20091218,43.8568000
20091219,44.1766000
20091222,43.7854000
20091223,43.5744000
20091224,43.4848000
20091225,42.9903000
20091226,42.3566000
20091229,42.5638000
20091230,43.0096000
20091231,43.3883000
20100101,43.4605000
20100112,42.6681000
20100113,42.6149000
20100114,42.9497000
20100115,42.7764000
20100116,42.5905000
20100119,42.5654000
20100120,42.5094000
20100121,42.1478000
20100122,41.9485000
20100123,42.0576000
20100126,42.5808000
20100127,42.7058000
20100128,42.5574000
20100129,42.5842000
20100130,42.4637000
20100202,42.2190000
20100203,42.0510000
20100204,41.7633000
20100205,41.6115000
20100206,41.7179000
20100209,41.6937000
20100210,41.6998000
20100211,41.6551000
20100212,41.5085000
20100213,41.1737000
20100216,41.1092000
20100217,41.1467000
20100218,41.2561000
20100219,40.8825000
20100220,40.6285000
20100225,40.6498000
20100226,40.5012000
20100227,40.7566000
20100228,40.8047000
20100302,40.7377000
20100303,40.5271000
20100304,40.6007000
20100305,40.7215000
20100306,40.5211000
20100310,40.4866000
20100311,40.3367000
20100312,40.2469000
20100313,40.2610000
20100316,40.3272000
20100317,40.2347000
20100318,40.2830000
20100319,39.9586000
20100320,39.8357000
20100323,39.6339000
20100324,39.8238000
20100325,39.7152000
20100326,39.5301000
20100327,39.3808000
20100330,39.8654000
20100331,39.7028000
20100401,39.5713000
20100402,39.7255000
20100403,39.6303000
20100406,39.3922000
20100407,39.2568000
20100408,39.1866000
20100409,39.1524000
20100410,39.2286000
20100413,39.4982000
20100414,39.4829000
20100415,39.6253000
20100416,39.4387000
20100417,39.2723000
20100420,39.2873000
20100421,39.2199000
20100422,39.0919000
20100423,39.0413000
20100424,38.7445000
20100427,38.8706000
20100428,38.8534000
20100429,38.7817000
20100430,38.7020000
20100501,38.6986000
20100505,38.6004000
20100506,38.5143000
20100507,38.6833000
20100508,38.9490000
20100512,38.5948000
20100513,38.1940000
20100514,37.8412000
20100515,37.7282000
20100518,37.7562000
20100519,37.6224000
20100520,37.4206000
20100521,38.0406000
20100522,39.0115000
20100525,38.6159000
20100526,38.6046000
20100527,38.5119000
20100528,37.9869000
20100529,37.6316000
20100601,37.8133000
20100602,38.0330000
20100603,38.1111000
20100604,38.0117000
20100605,37.8476000
20100608,37.9165000
20100609,37.8333000
20100610,37.9430000
20100611,38.0217000
20100612,38.0982000
20100616,38.3303000
20100617,38.4192000
20100618,38.2614000
20100619,38.2560000
20100622,38.2670000
20100623,38.0330000
20100624,38.0242000
20100625,38.2352000
20100626,38.3324000
20100629,38.3139000
20100630,38.1863000
20100701,38.2097000
20100702,38.3031000
20100703,38.9928000
20100706,39.0305000
20100707,39.1021000
20100708,39.1326000
20100709,39.1615000
20100710,39.1285000
20100713,38.8716000
20100714,38.7345000
20100715,38.8090000
20100716,38.9053000
20100717,39.3258000
20100720,39.4373000
20100721,39.5306000
20100722,39.2145000
20100723,38.9503000
20100724,39.1253000
20100727,39.1999000
20100728,39.3139000
20100729,39.3350000
20100730,39.3671000
20100731,39.4694000
20100803,39.4653000
20100804,39.4500000
20100805,39.3781000
20100806,39.2404000
20100807,39.3593000
20100810,39.6110000
20100811,39.5235000
20100812,39.4417000
20100813,39.3009000
20100814,39.2173000
20100817,39.0868000
20100818,39.1148000
20100819,39.0514000
20100820,39.0300000
20100821,39.0923000
20100824,38.9131000
20100825,38.8662000
20100826,39.0894000
20100827,39.1911000
20100828,39.0311000
20100831,39.0291000
20100901,39.0127000
20100902,39.1654000
20100903,39.2901000
20100904,39.3505000
20100907,39.4720000
20100908,39.3215000
20100909,39.2948000
20100910,39.1868000
20100911,39.1917000
20100914,39.3235000
20100915,39.5264000
20100916,39.9107000
20100917,40.3166000
20100918,40.8115000
20100921,40.5416000
20100922,40.6483000
20100923,41.2254000
20100924,41.5380000
20100925,41.2599000
20100928,41.2220000
20100929,41.0884000
20100930,41.3481000
20101001,41.4392000
20101002,41.6606000
20101005,41.9747000
20101006,41.7156000
20101007,41.4017000
20101008,41.3564000
20101009,41.6717000
20101012,41.6600000
20101013,41.5895000
20101014,42.0451000
20101015,42.1585000
20101016,42.3939000
20101019,42.3577000
20101020,42.2983000
20101021,42.4411000
20101022,42.8781000
20101023,42.5351000
20101026,42.4975000
20101027,42.4658000
20101028,42.1841000
20101029,42.4316000
20101030,42.7256000
20101102,42.9848000
20101103,42.9147000
20101104,43.1654000
20101109,42.9854000
20101110,42.7798000
20101111,42.3004000
20101112,42.0590000
20101113,41.8779000
20101114,42.2311000
20101116,42.1715000
20101117,42.2175000
20101118,42.2863000
20101119,42.4069000
20101120,42.3568000
20101123,42.6367000
20101124,42.4036000
20101125,41.9168000
20101126,41.6956000
20101127,41.6192000
20101130,41.5682000
20101201,41.0814000
20101202,41.0620000
20101203,41.2276000
20101204,41.3374000
20101207,41.7677000
20101208,41.6525000
20101209,41.2720000
20101210,41.2106000
20101211,40.9394000
20101214,40.8042000
20101215,41.2932000
20101216,40.8851000
20101217,40.6798000
20101218,40.7979000
20101221,40.5055000
20101222,40.4720000
20101223,40.3582000
20101224,40.1706000
20101225,40.1548000
20101228,40.0594000
20101229,40.0226000
20101230,39.9011000
20101231,40.3331000
20110101,40.4876000
20110112,39.6076000
20110113,39.5154000
20110114,39.4815000
20110115,40.1264000
20110118,39.9680000
20110119,39.9066000
20110120,40.1895000
20110121,40.2113000
20110122,40.5807000
20110125,40.5624000
20110126,40.7027000
20110127,40.7198000
20110128,40.6205000
20110129,40.6487000
20110201,40.5811000
20110202,40.7368000
20110203,40.7258000
20110204,40.5279000
20110205,40.0819000
20110208,39.9593000
20110209,39.8892000
20110210,39.9871000
20110211,40.1350000
20110212,39.7667000
20110215,39.6040000
20110216,39.4703000
20110217,39.6802000
20110218,39.6821000
20110219,39.7682000
20110222,39.8868000
20110223,39.6795000
20110225,40.0294000
20110226,40.0073000
20110301,39.8136000
20110302,39.7219000
20110303,39.3974000
20110304,39.2752000
20110305,39.3476000
20110306,39.4038000
20110310,39.3039000
20110311,39.3151000
20110312,39.5375000
20110315,39.9347000
20110316,39.9813000
20110317,40.0728000
20110318,40.1097000
20110319,40.0633000
20110322,40.1996000
20110323,40.0858000
20110324,40.0642000
20110325,39.9495000
20110326,40.0156000
20110329,39.9288000
20110330,40.0325000
20110331,40.0223000
20110401,40.3875000
20110402,40.1980000
20110405,40.1624000
20110406,40.1652000
20110407,40.2789000
20110408,40.3528000
20110409,40.4859000
20110412,40.4390000
20110413,40.5268000
20110414,40.7604000
20110415,40.8791000
20110416,40.8304000
20110419,40.4739000
20110420,40.4407000
20110421,40.5523000
20110422,40.8117000
20110423,40.7443000
20110426,40.7933000
20110427,40.5837000
20110428,40.6681000
20110429,40.8121000
20110430,40.8078000
20110504,40.5211000
20110505,40.5751000
20110506,40.5421000
20110507,40.2974000
20110511,39.8657000
20110512,39.7827000
20110513,39.6934000
20110514,39.7137000
20110517,39.6830000
20110518,39.8512000
20110519,40.0113000
20110520,39.8889000
20110521,39.9652000
20110524,39.8117000
20110525,39.9938000
20110526,39.9566000
20110527,40.0217000
20110528,40.0802000
20110531,40.0594000
20110601,40.2444000
20110602,40.3497000
20110603,40.3074000
20110604,40.3436000
20110607,40.6879000
20110608,40.6581000
20110609,40.6273000
20110610,40.5244000
20110611,40.2298000
20110615,40.2825000
20110616,40.1280000
20110617,39.8184000
20110618,39.8913000
20110621,40.0470000
20110622,40.2277000
20110623,40.1814000
20110624,40.0791000
20110625,40.1189000
20110628,40.0923000
20110629,40.3029000
20110630,40.3870000
20110701,40.4153000
20110702,40.4824000
20110705,40.4155000
20110706,40.3110000
20110707,40.2435000
20110708,40.0917000
20110709,40.0193000
20110712,39.8033000
20110713,39.5051000
20110714,39.5919000
20110715,39.8214000
20110716,39.7388000
20110719,39.5894000
20110720,39.7316000
20110721,39.7280000
20110722,39.8415000
20110723,39.9484000
20110726,39.8365000
20110727,39.9389000
20110728,39.7937000
20110729,39.5982000
20110730,39.5182000
20110802,39.6431000
20110803,39.5173000
20110804,39.5923000
20110805,39.8158000
20110806,39.9625000
20110809,40.9590000
20110810,41.9039000
20110811,42.0285000
20110812,41.9075000
20110813,41.7768000
20110816,41.2895000
20110817,41.2924000
20110818,41.3061000
20110819,41.6355000
20110820,41.8749000
20110823,42.0226000
20110824,41.6600000
20110825,41.6618000
20110826,41.6746000
20110827,41.6705000
20110830,41.7455000
20110831,41.8396000
20110901,41.7631000
20110902,41.4732000
20110903,41.3762000
20110906,41.4830000
20110907,41.6771000
20110908,41.4902000
20110909,41.5175000
20110910,41.2786000
20110913,41.0914000
20110914,41.2267000
20110915,41.3531000
20110916,41.8792000
20110917,42.2482000
20110920,42.2058000
20110921,42.9164000
20110922,43.0127000
20110923,43.2421000
20110924,43.3655000
20110927,43.4535000
20110928,43.6357000
20110929,43.2216000
20110930,43.3979000
20111001,43.4191000
20111004,43.4411000
20111005,43.1571000
20111006,43.4632000
20111007,43.3728000
20111008,43.2614000
20111011,43.1425000
20111012,42.8601000
20111013,42.8785000
20111014,43.0236000
20111015,42.7328000
20111018,42.6169000
20111019,42.5551000
20111020,42.7084000
20111021,42.9858000
20111022,43.1373000
20111025,42.9153000
20111026,42.4001000
20111027,42.5457000
20111028,42.3571000
20111029,42.3830000
20111101,42.1833000
20111102,42.2469000
20111103,42.1431000
20111104,42.2128000
20111108,42.0727000
20111109,41.9394000
20111110,41.5998000
20111111,41.6937000
20111112,41.5886000
20111115,41.6638000
20111116,41.6884000
20111117,41.4605000
20111118,41.4997000
20111119,41.7035000
20111122,41.8612000
20111123,41.9109000
20111124,42.0256000
20111125,42.0337000
20111126,42.0251000
20111129,41.7744000
20111130,41.8457000
20111201,41.7559000
20111202,41.5068000
20111203,41.4824000
20111206,41.4707000
20111207,41.5842000
20111208,41.8661000
20111209,41.8711000
20111210,42.0153000
20111213,41.9023000
20111214,41.7891000
20111215,41.4127000
20111216,41.4389000
20111217,41.3933000
20111220,41.6868000
20111221,41.7059000
20111222,41.6718000
20111223,41.2250000
20111224,40.8848000
20111227,40.7632000
20111228,40.6339000
20111229,41.2280000
20111230,41.4079000
20111231,41.6714000
20120111,40.7591000
20120112,40.4061000
20120113,40.2852000
20120114,40.6189000
20120117,40.3842000
20120118,40.1688000
20120119,40.2612000
20120120,40.4772000
20120121,40.5867000
20120124,40.4064000
20120125,40.1872000
20120126,39.9499000
20120127,39.8384000
20120128,39.7841000
20120131,39.9691000
20120201,39.9678000
20120202,39.6777000
20120203,39.7664000
20120204,39.7425000
20120207,39.5137000
20120208,39.4592000
20120209,39.4115000
20120210,39.4767000
20120211,39.6282000
20120214,39.6037000
20120215,39.5431000
20120216,39.4572000
20120217,39.3181000
20120218,39.3846000
20120221,39.3311000
20120222,39.5235000
20120223,39.4114000
20120225,39.3645000
20120228,39.1517000
20120229,38.9121000
20120301,39.1029000
20120302,39.0714000
20120303,38.9490000
20120306,38.6530000
20120307,38.8721000
20120308,38.9938000
20120312,38.7691000
20120313,38.8543000
20120314,38.8517000
20120315,38.4843000
20120316,38.5781000
20120317,38.4117000
20120320,38.4801000
20120321,38.6001000
20120322,38.7589000
20120323,38.7258000
20120324,38.8189000
20120327,38.7429000
20120328,38.6266000
20120329,38.7696000
20120330,39.0402000
20120331,39.1707000
20120403,39.1677000
20120404,39.0846000
20120405,38.8368000
20120406,38.7097000
20120407,38.5138000
20120410,38.7192000
20120411,38.8349000
20120412,39.0781000
20120413,38.8507000
20120414,38.8134000
20120417,38.7374000
20120418,38.8509000
20120419,38.8509000
20120420,38.7230000
20120421,38.8118000
20120424,38.8386000
20120425,38.7950000
20120426,38.6593000
20120427,38.7393000
20120428,38.7477000
20120429,38.9203000
20120503,38.8223000
20120504,38.7350000
20120505,38.9157000
20120506,39.0001000
20120511,39.1160000
20120512,39.0458000
20120513,38.9826000
20120515,39.0088000
20120516,38.9830000
20120517,39.3300000
20120518,39.3919000
20120519,39.7518000
20120522,39.8077000
20120523,39.7376000
20120524,39.7651000
20120525,39.7681000
20120526,39.8426000
20120529,40.1179000
20120530,40.2423000
20120531,40.4598000
20120601,40.8076000
20120602,41.6804000
20120605,42.2464000
20120606,41.5068000
20120607,40.9501000
20120608,40.4205000
20120609,40.9067000
20120610,40.7914000
20120614,40.9426000
20120615,40.9390000
20120616,40.9078000
20120619,40.8231000
20120620,41.0060000
20120621,41.2441000
20120622,41.7208000
20120623,42.0464000
20120626,41.4981000
20120627,41.4964000
20120628,41.0217000
20120629,41.1963000
20120630,41.3230000
20120703,41.0642000
20120704,40.9332000
20120705,40.5512000
20120706,40.6850000
20120707,40.3885000
20120710,40.5522000
20120711,40.5367000
20120712,40.2638000
20120713,40.0072000
20120714,39.8277000
20120717,39.8985000
20120718,39.9240000
20120719,39.8020000
20120720,39.4219000
20120721,39.1686000
20120724,39.1620000
20120725,39.5374000
20120726,39.8390000
20120727,39.6362000
20120728,39.6028000
20120731,39.5527000
20120801,39.5101000
20120802,39.8236000
20120803,39.7525000
20120804,39.6745000
20120807,39.5353000
20120808,39.2322000
20120809,39.2299000
20120810,38.9511000
20120811,39.1923000
20120814,39.1468000
20120815,39.2916000
20120816,39.2846000
20120817,39.1395000
20120818,39.3660000
20120821,39.5468000
20120822,39.5449000
20120823,39.6202000
20120824,39.7527000
20120825,39.9087000
20120828,39.8379000
20120829,39.9748000
20120830,40.2846000
20120831,40.5250000
20120901,40.7249000
20120904,40.7580000
20120905,40.6197000
20120906,40.6669000
20120907,40.6297000
20120908,40.4820000
20120911,40.5694000
20120912,40.6203000
20120913,40.5090000
20120914,40.5678000
20120915,40.1868000
20120918,40.1481000
20120919,40.4367000
20120920,40.3416000
20120921,40.9570000
20120922,40.4918000
20120925,40.4548000
20120926,40.2099000
20120927,40.1735000
20120928,40.2074000
20120929,39.9786000
20121002,40.1455000
20121003,40.1673000
20121004,40.2096000
20121005,40.2581000
20121006,40.2822000
20121009,40.3389000
20121010,40.3577000
20121011,40.1347000
20121012,40.0679000
20121013,40.0832000
20121016,40.1355000
20121017,40.1970000
20121018,40.3525000
20121019,40.2640000
20121020,40.2140000
20121023,40.3416000
20121024,40.5798000
20121025,40.6544000
20121026,40.6311000
20121027,40.6948000
20121030,40.6233000
20121031,40.7148000
20121101,40.6548000
20121102,40.6323000
20121103,40.4918000
20121107,40.3134000
20121108,40.2748000
20121109,40.2189000
20121110,40.2238000
20121113,40.2146000
20121114,40.2323000
20121115,40.3500000
20121116,40.3818000
20121117,40.4759000
20121120,40.4207000
20121121,40.2037000
20121122,40.0785000
20121123,40.0278000
20121124,40.1360000
20121127,40.1989000
20121128,40.1893000
20121129,40.2339000
20121130,40.2057000
20121201,40.0759000
20121204,40.1769000
20121205,40.4720000
20121206,40.4127000
20121207,40.3570000
20121208,40.1270000
20121211,39.8359000
20121212,39.8313000
20121213,39.9579000
20121214,40.0599000
20121215,40.2182000
20121218,40.4713000
20121219,40.8084000
20121220,40.7393000
20121221,40.6544000
20121222,40.5619000
20121225,40.6251000
20121226,40.3333000
20121227,40.3659000
20121228,40.3505000
20121229,40.2286000
20121230,40.2286000
20130110,39.8096000
20130111,39.6385000
20130112,40.1104000
20130115,40.5009000
20130116,40.4003000
20130117,40.3096000
20130118,40.3472000
20130119,40.4314000
20130122,40.3617000
20130123,40.3194000
20130124,40.2200000
20130125,40.2036000
20130126,40.2364000
20130129,40.4552000
20130130,40.5414000
20130131,40.5134000
20130201,40.7138000
20130202,40.8674000
20130205,40.7789000
20130206,40.6029000
20130207,40.6435000
20130208,40.6691000
20130209,40.4171000
20130212,40.3618000
20130213,40.3873000
20130214,40.4280000
20130215,40.3698000
20130216,40.2713000
20130219,40.1969000
20130220,40.2265000
20130221,40.3394000
20130222,40.0748000
20130223,40.1111000
20130226,40.0810000
20130227,39.9216000
20130228,40.0420000
20130301,40.1024000
20130302,40.0563000
20130305,40.0293000
20130306,40.0126000
20130307,40.0007000
20130308,39.9732000
20130312,40.0187000
20130313,40.0364000
20130314,40.0631000
20130315,39.8715000
20130316,40.0123000
20130319,39.8491000
20130320,39.9075000
20130321,39.8752000
20130322,39.9746000
20130323,39.9060000
20130326,40.0845000
20130327,39.7526000
20130328,39.6559000
20130329,39.6627000
20130330,39.8023000
20130402,39.8168000
20130403,40.0113000
20130404,40.1752000
20130405,40.7035000
20130406,40.8413000
20130409,41.0481000
20130410,40.6523000
20130411,40.5930000
20130412,40.3651000
20130413,40.5132000
20130416,40.9283000
20130417,41.1193000
20130418,41.1544000
20130419,41.3787000
20130420,41.1157000
20130423,41.2352000
20130424,41.3142000
20130425,41.0629000
20130426,40.8498000
20130427,40.6635000
20130430,40.8358000
20130501,40.6264000
20130507,40.7386000
20130508,40.6450000
20130509,40.7404000
20130514,40.7345000
20130515,40.6768000
20130516,40.5517000
20130517,40.4175000
20130518,40.3747000
20130521,40.2633000
20130522,40.1903000
20130523,40.3372000
20130524,40.4026000
20130525,40.5140000
20130528,40.4867000
20130529,40.5189000
20130530,40.5666000
20130531,40.9650000
20130601,41.4486000
20130604,41.7274000
20130605,41.6076000
20130606,41.8447000
20130607,42.1464000
20130608,42.7176000
20130611,42.6426000
20130612,42.9753000
20130614,43.2443000
20130615,42.4442000
20130618,42.2249000
20130619,42.5216000
20130620,43.0409000
20130621,43.3526000
20130622,43.3489000
20130623,43.3489000
20130624,43.3489000
20130625,43.1018000
20130626,42.9698000
20130627,42.9841000
20130628,42.8349000
20130629,42.7180000
20130630,42.7180000
20130701,42.7180000
20130702,42.8025000
20130703,43.0525000
20130704,43.0736000
20130705,43.0954000
20130706,42.8399000
20130707,42.8399000
20130708,42.8399000
20130709,42.7342000
20130710,42.6389000
20130711,42.1033000
20130712,42.6234000
20130713,42.6643000
20130714,42.6643000
20130715,42.6643000
20130716,42.6076000
20130717,42.5906000
20130718,42.6232000
20130719,42.4437000
20130720,42.5920000
20130721,42.5920000
20130722,42.5920000
20130723,42.5088000
20130724,42.6209000
20130725,42.7229000
20130726,42.9919000
20130727,43.3421000
20130730,43.6060000
20130731,43.6090000
20130801,43.7786000
20130802,43.7270000
20130803,43.7387000
20130806,43.6628000
20130807,43.6574000
20130808,43.8764000
20130809,43.9717000
20130810,43.9806000
20130813,43.8305000
20130814,43.9665000
20130815,43.9845000
20130816,43.8509000
20130817,43.9382000
20130820,43.8628000
20130821,44.0294000
20130822,44.2144000
20130823,44.2765000
20130824,44.1022000
20130827,44.0891000
20130828,44.2714000
20130829,44.3879000
20130830,44.0840000
20130831,44.0129000
20130903,43.9561000
20130904,43.9540000
20130905,44.0742000
20130906,43.9814000
20130907,43.8919000
20130910,43.9014000
20130911,43.8607000
20130912,43.6824000
20130913,43.4748000
20130914,43.4664000
20130917,43.1597000
20130918,43.1457000
20130919,43.0761000
20130920,42.7465000
20130921,42.9501000
20130924,43.2038000
20130925,42.9653000
20130926,43.0251000
20130927,43.4987000
20130928,43.6497000
20131001,43.8143000
20131002,43.8005000
20131003,43.6603000
20131004,43.6932000
20131005,43.7337000
20131008,43.8314000
20131009,43.8225000
20131010,43.8471000
20131011,43.6844000
20131012,43.6039000
20131015,43.7660000
20131016,43.7645000
20131017,43.6102000
20131018,43.5123000
20131019,43.5590000
20131022,43.6378000
20131023,43.6610000
20131024,43.7126000
20131025,43.7249000
20131026,43.7625000
20131029,43.9036000
20131030,44.0323000
20131031,44.0323000
20131101,43.9406000
20131102,43.6179000
20131106,43.6672000
20131107,43.8220000
20131108,43.7879000
20131109,43.6305000
20131112,43.6563000
20131113,43.9228000
20131114,44.1046000
20131115,44.0201000
20131116,43.9751000
20131119,43.9541000
20131120,44.0624000
20131121,44.3421000
20131122,44.3300000
20131123,44.3533000
20131126,44.3685000
20131127,44.6392000
20131128,44.8262000
20131129,44.9949000
20131130,45.1870000
20131203,45.0882000
20131204,45.0417000
20131205,45.1748000
20131206,45.1013000
20131207,45.0116000
20131210,44.9127000
20131211,45.0758000
20131212,45.0418000
20131213,45.1549000
20131214,45.1944000
20131217,45.2135000
20131218,45.2644000
20131219,45.3688000
20131220,45.0628000
20131221,44.9680000
20131224,45.0863000
20131225,44.6520000
20131226,44.6438000
20131227,44.7005000
20131228,44.8736000
20131231,44.9699000
20140101,45.0559000
20140110,45.0672000
20140111,45.2069000
20140114,45.2855000
20140115,45.4139000
20140116,45.4878000
20140117,45.4926000
20140118,45.5175000
20140121,45.5424000
20140122,45.8242000
20140123,45.9125000
20140124,46.1050000
20140125,46.8985000
20140128,47.4962000
20140129,47.3739000
20140130,47.2238000
20140131,48.0951000
20140201,47.6408000
20140204,47.5351000
20140205,47.9535000
20140206,47.2159000
20140207,46.9497000
20140208,47.0205000
20140211,47.3758000
20140212,47.5319000
20140213,47.4154000
20140214,47.4913000
20140215,48.2618000
20140218,48.1188000
20140219,48.3086000
20140220,48.9730000
20140221,49.1975000
20140222,48.9497000
20140225,48.7959000
20140226,48.8654000
20140227,49.1823000
20140228,49.3454000
20140301,49.5839000
20140304,50.1513000
20140305,49.9520000
20140306,49.5446000
20140307,49.5925000
20140308,50.2625000
20140312,50.4707000
20140313,50.5593000
20140314,50.8096000
20140315,50.7635000
20140318,50.9442000
20140319,50.7621000
20140320,50.4146000
20140321,49.9628000
20140322,50.1804000
20140325,49.9167000
20140326,49.7042000
20140327,48.9521000
20140328,49.0484000
20140329,49.0519000
20140401,48.9680000
20140402,48.2596000
20140403,48.6826000
20140404,48.8834000
20140405,48.6435000
20140408,48.6159000
20140409,48.8600000
20140410,49.2911000
20140411,49.2266000
20140412,49.4994000
20140415,49.8232000
20140416,49.6836000
20140417,49.8860000
20140418,49.7289000
20140419,49.1041000
20140422,49.2978000
20140423,49.2185000
20140424,49.2820000
20140425,49.3175000
20140426,49.6969000
20140429,49.8219000
20140430,49.5064000
20140501,49.3188000
20140506,49.7361000
20140507,49.5070000
20140508,49.4120000
20140509,48.7642000
20140513,48.4759000
20140514,48.0073000
20140515,47.6173000
20140516,47.5674000
20140517,47.6999000
20140520,47.6416000
20140521,47.3995000
20140522,47.3171000
20140523,46.8507000
20140524,46.8350000
20140527,46.4266000
20140528,46.7712000
20140529,47.0161000
20140530,47.1145000
20140531,47.2677000
20140603,47.5463000
20140604,47.6296000
20140605,47.8253000
20140606,47.4908000
20140607,47.3211000
20140610,46.8746000
20140611,46.7269000
20140612,46.4764000
20140617,46.8085000
20140618,47.2121000
20140619,47.1715000
20140620,46.6960000
20140621,46.8821000
20140624,46.6478000
20140625,46.2212000
20140626,46.1576000
20140627,46.0226000
20140628,45.8251000
20140701,46.1827000
20140702,46.8335000
20140703,46.8398000
20140704,46.6863000
20140705,46.6870000
20140708,46.9448000
20140709,46.8122000
20140710,46.4146000
20140711,46.1649000
20140712,46.3328000
20140715,46.6835000
20140716,46.7910000
20140717,46.6299000
20140718,47.0702000
20140719,47.5505000
20140722,47.5048000
20140723,47.3758000
20140724,46.8718000
20140725,47.1702000
20140726,47.2206000
20140729,47.4799000
20140730,47.8635000
20140731,47.8958000
20140801,47.4699000
20140802,47.8244000
20140805,47.8671000
20140806,48.0490000
20140807,48.2432000
20140808,48.4947000
20140809,48.7722000
20140812,48.2856000
20140813,48.2402000
20140814,48.4110000
20140815,48.1416000
20140816,48.1231000
20140819,48.2398000
20140820,48.2133000
20140821,48.1924000
20140822,48.1686000
20140823,47.8548000
20140826,47.6641000
20140827,47.7282000
20140828,47.6177000
20140829,47.9520000
20140830,48.6315000
20140902,48.9677000
20140903,49.0193000
20140904,49.0213000
20140905,48.3786000
20140906,47.7806000
20140909,47.9789000
20140910,47.7118000
20140911,48.0636000
20140912,48.2484000
20140913,48.6647000
20140916,49.1958000
20140917,50.0582000
20140918,49.6923000
20140919,49.4592000
20140920,49.5379000
20140923,49.6193000
20140924,49.6912000
20140925,49.3145000
20140926,48.8449000
20140927,49.3386000
20140930,49.9540000
20141001,49.9817000
20141002,50.0554000
20141003,49.9484000
20141004,50.2021000
20141007,50.0775000
20141008,50.2017000
20141009,50.5091000
20141010,50.9585000
20141011,51.0538000
20141014,51.0798000
20141015,51.5141000
20141016,51.7829000
20141017,52.1504000
20141018,52.5253000
20141021,52.1198000
20141022,52.6468000
20141023,52.1388000
20141024,52.4424000
20141025,52.9065000
20141028,53.2342000
20141029,53.8693000
20141030,54.3393000
20141031,54.6378000
20141101,52.7219000
20141106,55.6234000
20141107,56.5450000
20141108,59.3153000
20141111,57.2418000
20141112,57.0494000
20141113,57.8575000
20141114,57.4235000
20141115,58.9793000
20141118,59.3081000
20141119,58.6448000
20141120,58.9090000
20141121,58.5817000
20141122,57.4377000
20141125,55.5336000
20141126,55.8779000
20141127,57.9052000
20141128,59.6215000
20141129,61.4108000
20141202,64.4425000
20141203,63.2414000
20141204,67.2652000
20141205,64.8443000
20141206,65.7168000
20141209,65.4248000
20141210,66.8809000
20141211,67.1989000
20141212,68.2942000
20141213,70.5289000
20141216,72.6642000
20141217,76.1516000
20141218,84.5890000
20141219,73.3414000
20141220,74.5727000
20141223,69.2503000
20141224,66.7539000
20141225,66.4031000
20141226,64.3177000
20141227,63.5131000
20141230,69.0590000
20141231,68.3427000
20150101,68.3681000
20150113,74.3551000
20150114,76.7735000
20150115,77.9629000
20150116,76.3352000
20150117,75.8623000
20150120,75.1740000
20150121,75.2735000
20150122,75.8218000
20150123,75.7724000
20150124,71.9067000
20150127,73.5633000
20150128,76.2922000
20150129,76.2629000
20150130,77.5690000
20150131,78.1105000
20150203,78.7900000
20150204,76.8271000
20150205,75.0415000
20150206,77.9356000
20150207,75.6591000
20150210,74.5833000
20150211,74.1382000
20150212,74.7386000
20150213,74.8311000
20150214,74.3675000
20150217,71.5426000
20150218,71.3243000
20150219,71.0800000
20150220,70.9408000
20150221,70.0315000
20150225,71.9422000
20150226,71.1655000
20150227,68.9797000
20150228,68.6857000
20150303,69.5424000
20150304,69.8487000
20150305,69.1138000
20150306,68.3086000
20150307,66.1012000
20150311,65.5242000
20150312,66.9168000
20150313,64.6232000
20150314,64.9650000
20150317,65.4063000
20150318,65.4314000
20150319,65.0108000
20150320,64.1446000
20150321,64.0504000
20150324,64.1473000
20150325,64.3425000
20150326,62.7651000
20150327,62.0811000
20150328,62.5655000
20150331,63.3695000
20150401,62.0487000
20150402,62.7476000
20150403,61.6919000
20150404,61.7363000
20150407,62.0377000
20150408,60.4124000
20150409,58.7003000
20150410,56.5251000
20150411,54.2749000
20150414,55.5201000
20150415,54.8387000
20150416,53.6598000
20150417,52.9087000
20150418,54.5163000
20150421,55.5496000
20150422,57.5998000
20150423,57.7226000
20150424,55.1255000
20150425,54.6590000
20150428,55.8747000
20150429,56.9016000
20150430,56.8060000
20150501,57.1578000
20150506,57.4093000
20150507,56.1843000
20150508,57.2207000
20150509,56.8971000
20150513,57.1102000
20150514,55.7138000
20150515,57.1383000
20150516,56.9881000
20150519,56.1030000
20150520,55.1085000
20150521,55.2441000
20150522,55.5714000
20150523,55.5508000
20150526,54.7477000
20150527,54.8412000
20150528,55.6757000
20150529,57.1433000
20150530,58.0145000
20150602,57.7020000
20150603,58.6037000
20150604,59.1130000
20150605,61.9471000
20150606,63.3221000
20150609,62.5053000
20150610,63.0721000
20150611,62.2064000
20150612,61.4754000
20150616,62.1045000
20150617,61.1040000
20150618,60.7452000
20150619,60.6417000
20150620,60.9130000
20150623,60.8567000
20150624,61.0546000
20150625,60.5852000
20150626,61.1986000
20150627,61.4066000
20150630,61.5206000
20150701,62.3803000
20150702,61.6556000
20150703,61.5661000
20150704,61.7492000
20150707,62.4246000
20150708,63.0441000
20150709,63.0822000
20150710,63.0430000
20150711,62.9474000
20150714,62.9819000
20150715,62.6239000
20150716,62.3986000
20150717,62.1841000
20150718,61.9183000
20150721,61.6929000
20150722,61.7622000
20150723,62.3948000
20150724,62.9330000
20150725,63.6090000
20150728,65.0830000
20150729,66.6248000
20150730,65.9882000
20150731,64.6478000
20150801,66.0002000
20150804,68.5770000
20150805,68.9961000
20150806,68.1435000
20150807,69.6314000
20150808,69.8089000
20150811,70.7540000
20150812,69.6762000
20150813,72.2078000
20150814,71.1475000
20150815,72.3650000
20150818,72.5712000
20150819,72.9187000
20150820,72.7085000
20150821,74.4738000
20150822,76.6709000
20150825,81.1533000
20150826,80.7248000
20150827,79.7252000
20150828,76.3369000
20150829,75.0469000
20150901,74.8478000
20150902,73.8449000
20150903,75.0901000
20150904,75.2659000
20150905,75.4011000
20150908,76.3692000
20150909,76.9246000
20150910,75.5742000
20150911,76.6951000
20150912,76.8165000
20150915,77.1313000
20150916,75.9013000
20150917,74.2407000
20150918,73.9378000
20150919,74.9726000
20150922,74.8304000
20150923,73.9568000
20150924,73.5367000
20150925,74.5435000
20150926,73.1397000
20150929,73.2684000
20150930,74.5825000
20151001,73.7760000
20151002,72.4865000
20151003,73.6302000
20151006,73.7951000
20151007,72.9468000
20151008,70.4691000
20151009,70.3052000
20151010,69.3450000
20151013,69.5499000
20151014,70.8977000
20151015,72.0506000
20151016,71.2810000
20151017,69.7710000
20151020,69.7796000
20151021,70.5290000
20151022,71.1738000
20151023,71.0895000
20151024,68.7903000
20151027,69.0104000
20151028,70.2124000
20151029,72.1479000
20151030,70.1427000
20151031,70.7537000
20151103,70.3961000
20151104,70.3782000
20151106,68.8261000
20151107,69.2555000
20151110,69.6136000
20151111,69.2394000
20151112,69.3797000
20151113,70.3370000
20151114,71.8184000
20151117,71.3987000
20151118,69.7819000
20151119,69.0021000
20151120,69.3390000
20151121,69.3886000
20151124,69.7037000
20151125,69.8076000
20151126,69.8987000
20151127,69.7034000
20151128,70.3859000
20151201,70.6478000
20151202,70.1345000
20151203,70.8647000
20151204,71.7404000
20151205,73.6721000
20151208,74.4079000
20151209,75.3111000
20151210,75.5595000
20151211,76.0674000
20151212,75.7472000
20151215,76.9659000
20151216,78.2312000
20151217,77.0400000
20151218,76.6788000
20151219,77.4052000
20151222,77.4830000
20151223,77.6145000
20151224,77.5443000
20151225,76.0441000
20151226,77.0500000
20151229,77.6032000
20151230,79.5470000
20151231,79.6972000
20160101,79.6395000
20160112,82.8090000
20160113,83.4372000
20160114,82.7175000
20160115,83.1499000
20160116,83.2951000
20160119,85.6220000
20160120,85.2988000
20160121,87.0341000
20160122,91.1814000
20160123,87.2266000
20160126,84.1603000
20160127,88.8858000
20160128,85.8459000
20160129,84.1370000
20160130,81.9077000
20160202,82.8141000
20160203,84.9719000
20160204,86.5115000
20160205,84.8104000
20160206,86.5754000
20160209,85.6543000
20160210,88.0435000
20160211,89.2213000
20160212,89.3439000
20160213,89.8454000
20160216,87.1905000
20160217,85.0894000
20160218,86.9588000
20160219,84.0521000
20160220,84.9187000
20160221,85.8563000
20160225,84.0779000
20160226,84.2155000
20160227,82.9748000
20160301,83.1023000
20160302,80.5333000
20160303,79.9721000
20160304,80.2100000
20160305,80.1161000
20160310,79.4488000
20160311,77.9817000
20160312,78.4131000
20160315,78.1798000
20160316,78.3285000
20160317,78.7532000
20160318,77.1572000
20160319,77.1992000
20160322,77.4647000
20160323,76.1400000
20160324,75.6902000
20160325,76.9290000
20160326,76.4004000
20160329,75.6975000
20160330,76.8611000
20160331,76.5386000
20160401,76.9207000
20160402,76.4266000
20160405,78.1662000
20160406,78.2798000
20160407,77.8130000
20160408,77.3688000
20160409,76.6888000
20160412,76.4957000
20160413,75.8529000
20160414,74.6578000
20160415,74.7940000
20160416,74.3405000
20160419,77.1273000
20160420,74.3719000
20160421,75.0107000
20160422,73.4592000
20160423,74.6959000
20160426,74.9515000
20160427,74.9024000
20160428,73.8023000
20160429,73.9166000
20160430,73.3015000
20160505,76.0512000
20160506,75.5713000
20160507,75.5789000
20160511,75.5406000
20160512,75.4505000
20160513,74.1137000
20160514,73.6248000
20160517,73.4549000
20160518,73.1006000
20160519,73.3077000
20160520,74.2755000
20160521,74.4623000
20160524,75.2675000
20160525,75.0349000
20160526,73.4596000
20160527,72.8418000
20160528,73.8474000
20160531,73.4970000
20160601,73.4406000
20160602,74.2098000
20160603,74.8191000
20160604,74.5610000
20160607,74.6907000
20160608,74.1164000
20160609,73.5538000
20160610,72.5682000
20160611,73.1909000
20160615,74.3174000
20160616,73.9441000
20160617,74.2460000
20160618,73.5609000
20160621,72.7792000
20160622,72.7865000
20160623,71.8082000
20160624,72.9016000
20160625,72.6582000
20160628,71.9420000
20160629,71.7117000
20160630,71.2102000
20160701,71.2926000
20160702,71.0519000
20160705,70.8553000
20160706,71.6327000
20160707,71.5135000
20160708,70.9482000
20160709,71.1684000
20160712,70.8152000
20160713,70.9833000
20160714,70.5577000
20160715,70.5644000
20160716,70.3395000
20160719,69.7741000
20160720,69.6974000
20160721,69.6967000
20160722,70.3022000
20160723,71.2513000
20160726,71.2090000
20160727,72.3478000
20160728,72.5150000
20160729,73.4047000
20160730,74.3799000
20160802,73.6523000
20160803,74.9007000
20160804,74.7978000
20160805,73.9232000
20160806,73.0303000
20160809,72.1476000
20160810,71.7556000
20160811,72.2349000
20160812,72.4644000
20160813,71.7158000
20160816,71.7263000
20160817,71.9645000
20160818,72.0832000
20160819,71.9371000
20160820,72.4558000
20160823,72.4457000
20160824,73.4733000
20160825,73.2074000
20160826,73.2135000
20160827,73.0892000
20160830,72.7996000
20160831,72.5013000
20160901,72.6859000
20160902,72.6828000
20160903,73.7199000
20160906,72.3742000
20160907,72.3639000
20160908,72.4022000
20160909,72.0464000
20160910,72.3359000
20160913,73.1986000
20160914,72.7559000
20160915,72.9460000
20160916,73.2126000
20160917,73.0208000
20160920,72.4477000
20160921,72.5279000
20160922,71.8404000
20160923,71.6728000
20160924,71.5854000
20160927,72.0604000
20160928,71.6409000
20160929,71.5738000
20160930,70.8823000
20161001,70.9338000
20161004,70.2411000
20161005,69.7556000
20161006,70.0782000
20161007,69.8518000
20161008,69.2312000
20161011,69.7253000
20161012,69.1231000
20161013,69.1173000
20161014,69.7255000
20161015,69.3746000
20161018,69.3587000
20161019,69.2608000
20161020,68.7674000
20161021,68.4741000
20161022,68.0267000
20161025,67.7302000
20161026,67.4958000
20161027,67.9253000
20161028,68.7576000
20161029,68.6783000
20161101,69.2863000
20161102,69.3647000
20161103,70.2339000
20161104,70.5977000
20161108,70.6944000
20161109,70.4542000
20161110,71.3491000
20161111,69.3392000
20161112,71.1253000
20161115,71.0488000
20161116,70.6156000
20161117,69.2388000
20161118,69.4984000
20161119,68.9889000
20161122,68.3611000
20161123,67.5413000
20161124,68.0540000
20161125,68.0855000
20161126,68.4363000
20161129,69.1608000
20161130,68.8416000
20161201,69.3417000
20161202,67.6162000
20161203,68.4703000
20161206,67.7660000
20161207,68.6902000
20161208,68.5002000
20161209,68.2458000
