DATE,RATE
03.03.2015,62.2248
28.02.2015,61.2718
27.02.2015,60.7109
26.02.2015,62.5906
25.02.2015,63.5083
21.02.2015,61.7235
20.02.2015,62.1307
19.02.2015,62.4001
18.02.2015,62.8353
17.02.2015,62.6632
14.02.2015,65.0862
13.02.2015,66.0994
11.02.2015,65.4469
10.02.2015,65.7817
7.02.2015,66.0432
6.02.2015,68.6113
5.02.2015,65.447
4.02.2015,67.7727
3.02.2015,69.664
31.01.2015,68.9291
30.01.2015,68.7303
29.01.2015,67.1506
28.01.2015,67.8153
27.01.2015,65.5937
24.01.2015,63.393
23.01.2015,65.4
22.01.2015,65.5558
21.01.2015,64.9862
20.01.2015,64.9732
17.01.2015,65.1738
16.01.2015,64.8337
15.01.2015,66.0983
14.01.2015,64.8425
13.01.2015,62.7363
1.01.2015,56.2376
31.12.2014,56.2584
30.12.2014,56.6801
27.12.2014,52.0343
26.12.2014,52.6159
25.12.2014,54.4913
24.12.2014,54.5687
23.12.2014,56.494
20.12.2014,60.6825
19.12.2014,59.6029
18.12.2014,67.7851
17.12.2014,61.1512
16.12.2014,58.3461
13.12.2014,56.8919
10.12.2014,54.2116
9.12.2014,53.3079
6.12.2014,53.1088
5.12.2014,52.6932
4.12.2014,54.3821
3.12.2014,50.7678
2.12.2014,51.8068
1.12.2014,47.6629
29.11.2014,49.322
28.11.2014,47.6629
27.11.2014,46.4244
26.11.2014,44.9758
25.11.2014,44.7852
22.11.2014,45.7926
21.11.2014,46.7047
20.11.2014,47.0294
19.11.2014,46.9797
18.11.2014,47.3329
15.11.2014,47.392
14.11.2014,46.1233
13.11.2014,46.3379
12.11.2014,45.952
11.11.2014,45.8926
8.11.2014,47.8774
7.11.2014,45.1854
6.11.2014,44.3993
1.11.2014,41.9627
31.10.2014,43.3943
30.10.2014,42.6525
29.10.2014,42.3934
28.10.2014,41.9497
27.10.2014,41.4958
25.10.2014,41.8101
24.10.2014,41.4958
23.10.2014,40.9671
22.10.2014,41.0501
21.10.2014,40.8815
18.10.2014,41.045
17.10.2014,40.7457
16.10.2014,40.9416
15.10.2014,40.5304
14.10.2014,40.3251
11.10.2014,40.2125
10.10.2014,39.98
9.10.2014,39.9819
8.10.2014,39.7417
7.10.2014,39.982
4.10.2014,39.698
3.10.2014,39.5474
2.10.2014,39.6604
1.10.2014,39.3836
30.09.2014,39.3866
27.09.2014,38.7243
26.09.2014,38.3007
25.09.2014,38.383
24.09.2014,38.6672
23.09.2014,38.5782
20.09.2014,38.4134
19.09.2014,38.4209
18.09.2014,38.3724
17.09.2014,38.7058
16.09.2014,37.9861
13.09.2014,37.6545
12.09.2014,37.3758
11.09.2014,37.1693
10.09.2014,37.0261
9.09.2014,37.0866
6.09.2014,36.9219
5.09.2014,36.8038
4.09.2014,37.3183
3.09.2014,37.348
2.09.2014,37.2945
30.08.2014,36.9316
29.08.2014,36.3053
28.08.2014,36.1397
27.08.2014,36.1358
26.08.2014,36.1201
23.08.2014,36.0027
22.08.2014,36.3317
21.08.2014,36.224
20.08.2014,36.1094
19.08.2014,36.0294
16.08.2014,36.0014
15.08.2014,36.0395
14.08.2014,36.2222
13.08.2014,36.089
12.08.2014,36.0475
9.08.2014,36.4461
8.08.2014,36.2496
7.08.2014,36.1102
6.08.2014,35.7987
5.08.2014,35.6605
2.08.2014,35.7272
1.08.2014,35.4438
31.07.2014,35.7271
30.07.2014,35.6339
29.07.2014,35.3457
26.07.2014,35.0535
25.07.2014,35.0786
24.07.2014,34.8101
23.07.2014,35.0387
22.07.2014,35.09
19.07.2014,35.1627
18.07.2014,34.7998
17.07.2014,34.3853
16.07.2014,34.3723
15.07.2014,34.3135
12.07.2014,34.0582
11.07.2014,33.8353
10.07.2014,34.0758
9.07.2014,34.4258
8.07.2014,34.5691
5.07.2014,34.3236
4.07.2014,34.1949
3.07.2014,34.2496
2.07.2014,34.2275
1.07.2014,33.8434
28.06.2014,33.6306
27.06.2014,33.7508
26.06.2014,33.907
25.06.2014,33.9812
24.06.2014,34.2797
21.06.2014,34.419
20.06.2014,34.3025
19.06.2014,34.8232
18.06.2014,34.8095
17.06.2014,34.5654
12.06.2014,34.3227
11.06.2014,34.3681
10.06.2014,34.3303
7.06.2014,34.6573
6.06.2014,34.9043
5.06.2014,35.1398
4.06.2014,35.0115
3.06.2014,34.8887
31.05.2014,34.7352
30.05.2014,34.6481
29.05.2014,34.4895
28.05.2014,34.2571
27.05.2014,34.0771
24.05.2014,34.3139
23.05.2014,34.2802
22.05.2014,34.5078
21.05.2014,34.6007
20.05.2014,34.7394
17.05.2014,34.7794
16.05.2014,34.7005
15.05.2014,34.709
14.05.2014,34.8789
13.05.2014,35.2091
9.05.2014,35.0343
8.05.2014,35.4971
7.05.2014,35.655
6.05.2014,35.8381
1.05.2014,35.7227
30.04.2014,35.6983
29.04.2014,36.0245
26.04.2014,35.9289
25.04.2014,35.683
24.04.2014,35.6625
23.04.2014,35.6785
22.04.2014,35.6688
19.04.2014,35.5389
18.04.2014,35.9287
17.04.2014,36.0813
16.04.2014,35.9635
15.04.2014,35.989
12.04.2014,35.6239
11.04.2014,35.5581
10.04.2014,35.7493
9.04.2014,35.5475
8.04.2014,35.4679
5.04.2014,35.501
4.04.2014,35.5154
3.04.2014,35.2517
2.04.2014,35.024
1.04.2014,35.6053
29.03.2014,35.6871
28.03.2014,35.581
27.03.2014,35.4494
26.03.2014,35.9316
25.03.2014,36.1663
22.03.2014,36.4022
21.03.2014,36.1081
20.03.2014,36.207
19.03.2014,36.4487
18.03.2014,36.6505
15.03.2014,36.6391
14.03.2014,36.4566
13.03.2014,36.4865
12.03.2014,36.4015
8.03.2014,36.2618
7.03.2014,36.1251
6.03.2014,36.0849
5.03.2014,36.3208
4.03.2014,36.3784
1.03.2014,36.1847
28.02.2014,36.0501
27.02.2014,35.7872
26.02.2014,35.5669
25.02.2014,35.5112
22.02.2014,35.6828
21.02.2014,35.767
20.02.2014,35.5857
19.02.2014,35.2386
18.02.2014,35.0976
15.02.2014,35.2559
14.02.2014,34.8611
13.02.2014,34.7595
12.02.2014,34.7964
11.02.2014,34.7636
8.02.2014,34.6044
7.02.2014,34.7287
6.02.2014,34.9592
5.02.2014,35.4502
4.02.2014,35.2347
1.02.2014,35.18
31.01.2014,35.2448
30.01.2014,34.5633
29.01.2014,34.625
28.01.2014,34.7093
25.01.2014,34.26
24.01.2014,34.0334
23.01.2014,33.8688
22.01.2014,33.8161
21.01.2014,33.6429
18.01.2014,33.4343
17.01.2014,33.4013
16.01.2014,33.3562
15.01.2014,33.2386
14.01.2014,33.1204
11.01.2014,33.2062
10.01.2014,33.1547
1.01.2014,32.6587
31.12.2013,32.7292
28.12.2013,32.6282
27.12.2013,32.671
26.12.2013,32.6487
25.12.2013,32.6284
24.12.2013,32.9506
21.12.2013,32.9798
20.12.2013,32.9527
19.12.2013,32.9404
18.12.2013,32.8646
17.12.2013,32.8658
14.12.2013,32.8663
13.12.2013,32.7518
12.12.2013,32.7315
11.12.2013,32.7848
10.12.2013,32.7782
7.12.2013,32.9514
6.12.2013,33.114
5.12.2013,33.2632
4.12.2013,33.246
3.12.2013,33.1482
30.11.2013,33.1916
29.11.2013,33.1332
28.11.2013,33.0041
27.11.2013,32.9879
26.11.2013,32.7733
23.11.2013,32.9055
22.11.2013,33.018
21.11.2013,32.7417
20.11.2013,32.6098
19.11.2013,32.5658
16.11.2013,32.6807
15.11.2013,32.6874
14.11.2013,32.8184
13.11.2013,32.8076
12.11.2013,32.6622
9.11.2013,32.5479
8.11.2013,32.3803
7.11.2013,32.4511
6.11.2013,32.3509
2.11.2013,32.1808
1.11.2013,32.0758
31.10.2013,32.0613
30.10.2013,31.9445
29.10.2013,31.8119
26.10.2013,31.6775
25.10.2013,31.6618
24.10.2013,31.7448
23.10.2013,31.9346
22.10.2013,31.9013
19.10.2013,31.846
18.10.2013,32.0816
17.10.2013,32.2561
16.10.2013,32.2676
15.10.2013,32.2663
12.10.2013,32.2133
11.10.2013,32.3564
10.10.2013,32.3619
9.10.2013,32.2984
8.10.2013,32.2931
5.10.2013,32.1005
4.10.2013,32.125
3.10.2013,32.2979
2.10.2013,32.2965
1.10.2013,32.4839
28.09.2013,32.3451
27.09.2013,32.1736
26.09.2013,31.9343
25.09.2013,31.8167
24.09.2013,31.9106
21.09.2013,31.7326
20.09.2013,31.5892
19.09.2013,32.245
18.09.2013,32.3237
17.09.2013,32.2907
14.09.2013,32.7406
13.09.2013,32.6731
12.09.2013,32.9629
11.09.2013,33.06
10.09.2013,33.3243
7.09.2013,33.4338
6.09.2013,33.3901
5.09.2013,33.4656
4.09.2013,33.3693
3.09.2013,33.2522
31.08.2013,33.2474
30.08.2013,33.1783
29.08.2013,33.1798
28.08.2013,33.1224
27.08.2013,32.9564
24.08.2013,33.0552
23.08.2013,33.1908
22.08.2013,32.9737
21.08.2013,33.0006
20.08.2013,32.9226
17.08.2013,32.9421
16.08.2013,33.0004
15.08.2013,33.1583
14.08.2013,33.0426
13.08.2013,32.891
12.08.2013,32.9401
10.08.2013,32.8606
9.08.2013,32.9401
8.08.2013,32.9848
7.08.2013,32.939
6.08.2013,32.8811
5.08.2013,32.9741
3.08.2013,33.0978
2.08.2013,32.9741
1.08.2013,33.033
31.07.2013,32.8901
30.07.2013,32.8556
27.07.2013,32.6371
26.07.2013,32.5376
25.07.2013,32.3462
24.07.2013,32.3106
23.07.2013,32.3236
20.07.2013,32.4288
19.07.2013,32.3998
18.07.2013,32.4526
17.07.2013,32.5417
16.07.2013,32.622
13.07.2013,32.6429
12.07.2013,32.5867
11.07.2013,32.9112
10.07.2013,33.0842
9.07.2013,33.321
6.07.2013,33.2247
5.07.2013,33.1605
4.07.2013,33.2204
3.07.2013,32.9475
2.07.2013,32.8517
29.06.2013,32.709
28.06.2013,32.8766
27.06.2013,32.8876
26.06.2013,32.714
25.06.2013,32.9097
22.06.2013,32.7433
21.06.2013,32.7041
20.06.2013,32.1201
19.06.2013,31.8824
18.06.2013,31.679
15.06.2013,31.8029
14.06.2013,32.3467
12.06.2013,32.3951
11.06.2013,32.3246
8.06.2013,32.2397
7.06.2013,32.1385
6.06.2013,31.9816
5.06.2013,31.8344
4.06.2013,32.0487
1.06.2013,31.7979
31.05.2013,31.5893
30.05.2013,31.5203
29.05.2013,31.3784
28.05.2013,31.3025
25.05.2013,31.3164
24.05.2013,31.4711
23.05.2013,31.228
22.05.2013,31.177
21.05.2013,31.3406
18.05.2013,31.3931
17.05.2013,31.4166
16.05.2013,31.4281
15.05.2013,31.2778
14.05.2013,31.3777
9.05.2013,31.0829
8.05.2013,31.0789
7.05.2013,31.0839
1.05.2013,31.0433
30.04.2013,31.2559
27.04.2013,31.2196
26.04.2013,31.3169
25.04.2013,31.5917
24.04.2013,31.6414
23.04.2013,31.5664
20.04.2013,31.4605
19.04.2013,31.7151
18.04.2013,31.232
17.04.2013,31.4512
16.04.2013,31.3051
13.04.2013,30.9308
12.04.2013,30.8814
11.04.2013,31.0036
10.04.2013,31.2086
9.04.2013,31.6144
6.04.2013,31.6207
5.04.2013,31.7203
4.04.2013,31.3918
3.04.2013,31.1178
2.04.2013,31.1093
30.03.2013,31.0834
29.03.2013,30.9962
28.03.2013,30.863
26.03.2013,30.7585
23.03.2013,30.9325
22.03.2013,30.8923
21.03.2013,30.9446
20.03.2013,30.8285
19.03.2013,30.8908
16.03.2013,30.7196
15.03.2013,30.7769
14.03.2013,30.7209
13.03.2013,30.7499
12.03.2013,30.7576
8.03.2013,30.7628
7.03.2013,30.6214
6.03.2013,30.6963
5.03.2013,30.787
2.03.2013,30.6381
1.03.2013,30.5124
28.02.2013,30.6202
27.02.2013,30.5889
26.02.2013,30.3368
23.02.2013,30.3596
22.02.2013,30.2337
21.02.2013,30.0502
20.02.2013,30.1277
19.02.2013,30.1258
16.02.2013,30.1139
15.02.2013,30.0773
14.02.2013,30.0692
13.02.2013,30.1713
12.02.2013,30.159
9.02.2013,30.1575
8.02.2013,30.0496
7.02.2013,29.9598
6.02.2013,30.1231
5.02.2013,29.9251
2.02.2013,29.9966
1.02.2013,30.0161
31.01.2013,30.0277
30.01.2013,30.1513
29.01.2013,30.0782
26.01.2013,30.0451
25.01.2013,30.1648
24.01.2013,30.2292
23.01.2013,30.195
22.01.2013,30.297
19.01.2013,30.2065
18.01.2013,30.3431
17.01.2013,30.3399
16.01.2013,30.2556
15.01.2013,30.2607
12.01.2013,30.2537
11.01.2013,30.365
10.01.2013,30.4215
30.12.2012,30.3727
29.12.2012,30.3727
28.12.2012,30.4808
27.12.2012,30.615
26.12.2012,30.5926
25.12.2012,30.8046
22.12.2012,30.7194
21.12.2012,30.7592
20.12.2012,30.7606
19.12.2012,30.9859
18.12.2012,30.7696
15.12.2012,30.6892
14.12.2012,30.6034
13.12.2012,30.7321
12.12.2012,30.7506
11.12.2012,30.8686
8.12.2012,30.967
7.12.2012,30.9107
6.12.2012,30.8235
5.12.2012,30.994
4.12.2012,30.8365
1.12.2012,30.811
30.11.2012,31.0565
29.11.2012,31.1408
28.11.2012,30.941
27.11.2012,31.0201
24.11.2012,31.1325
23.11.2012,31.1525
22.11.2012,31.4218
21.11.2012,31.4263
20.11.2012,31.6677
17.11.2012,31.7184
16.11.2012,31.6919
15.11.2012,31.7267
14.11.2012,31.7164
13.11.2012,31.6053
10.11.2012,31.4962
9.11.2012,31.5146
8.11.2012,31.3033
7.11.2012,31.5195
3.11.2012,31.3817
2.11.2012,31.3666
1.11.2012,31.3743
31.10.2012,31.5252
30.10.2012,31.4373
27.10.2012,31.478
26.10.2012,31.2499
25.10.2012,31.3039
24.10.2012,31.1171
23.10.2012,30.9084
20.10.2012,30.7823
19.10.2012,30.7195
18.10.2012,30.7964
17.10.2012,30.9493
16.10.2012,31.0791
13.10.2012,30.9738
12.10.2012,31.1667
11.10.2012,31.2017
10.10.2012,31.0994
9.10.2012,31.0777
6.10.2012,30.9744
5.10.2012,31.121
4.10.2012,31.1944
3.10.2012,31.135
2.10.2012,31.2538
29.09.2012,30.9169
28.09.2012,31.1951
27.09.2012,31.2221
26.09.2012,31.1608
25.09.2012,31.2513
22.09.2012,31.1667
21.09.2012,31.5758
20.09.2012,30.8634
19.09.2012,30.8795
18.09.2012,30.5867
15.09.2012,30.8181
14.09.2012,31.3992
13.09.2012,31.478
12.09.2012,31.7768
11.09.2012,31.7221
8.09.2012,32.0142
7.09.2012,32.1998
6.09.2012,32.4608
5.09.2012,32.1995
4.09.2012,32.4171
31.08.2012,32.2934
30.08.2012,32.0942
29.08.2012,32.0183
25.08.2012,31.8099
24.08.2012,31.683
23.08.2012,31.8056
22.08.2012,31.9606
21.08.2012,32.0165
18.08.2012,31.8469
17.08.2012,31.9011
15.08.2012,31.7739
14.08.2012,31.8707
11.08.2012,31.8974
10.08.2012,31.4807
9.08.2012,31.6907
8.08.2012,31.6644
7.08.2012,31.9451
4.08.2012,32.5361
3.08.2012,32.4563
2.08.2012,32.3322
1.08.2012,32.2058
31.07.2012,32.1881
28.07.2012,32.2131
27.07.2012,32.6224
26.07.2012,32.9657
25.07.2012,32.6324
24.07.2012,32.376
21.07.2012,31.9509
20.07.2012,32.0764
19.07.2012,32.4041
18.07.2012,32.4955
17.07.2012,32.6208
14.07.2012,32.659
13.07.2012,32.9907
12.07.2012,32.9907
11.07.2012,32.9907
10.07.2012,32.9907
6.07.2012,32.4727
5.07.2012,32.2065
4.07.2012,32.4789
3.07.2012,32.5287
30.06.2012,32.8169
29.06.2012,32.9412
28.06.2012,32.8384
27.06.2012,33.1732
26.06.2012,33.1693
23.06.2012,33.5191
22.06.2012,32.9054
21.06.2012,32.5166
20.06.2012,32.5315
19.06.2012,32.1315
16.06.2012,32.3945
15.06.2012,32.5766
14.06.2012,32.7331
10.06.2012,32.5862
9.06.2012,32.7358
8.06.2012,32.1922
7.06.2012,32.7889
6.06.2012,33.2001
5.06.2012,34.0395
2.06.2012,33.7384
1.06.2012,32.9173
31.05.2012,32.4509
30.05.2012,32.086
29.05.2012,31.827
26.05.2012,31.7572
25.05.2012,31.6247
24.05.2012,31.3803
23.05.2012,31.0644
22.05.2012,31.1582
19.05.2012,31.3921
18.05.2012,30.9417
17.05.2012,30.9758
16.05.2012,30.3299
15.05.2012,30.2652
13.05.2012,30.1793
12.05.2012,30.2306
11.05.2012,30.1891
6.05.2012,29.8075
5.05.2012,29.5937
4.05.2012,29.463
3.05.2012,29.3708
29.04.2012,29.3627
28.04.2012,29.4234
27.04.2012,29.277
26.04.2012,29.2962
25.04.2012,29.4549
24.04.2012,29.488
21.04.2012,29.5214
20.04.2012,29.5122
19.04.2012,29.4978
18.04.2012,29.6368
17.04.2012,29.7614
14.04.2012,29.4711
13.04.2012,29.569
12.04.2012,29.8033
11.04.2012,29.6359
10.04.2012,29.6358
7.04.2012,29.4606
6.04.2012,29.4303
5.04.2012,29.4285
4.04.2012,29.2944
3.04.2012,29.3479
31.03.2012,29.3282
30.03.2012,29.2853
29.03.2012,29.0845
28.03.2012,28.9468
27.03.2012,29.2311
24.03.2012,29.4038
23.03.2012,29.2447
22.03.2012,29.2079
21.03.2012,29.1652
20.03.2012,29.2224
17.03.2012,29.3578
16.03.2012,29.5822
15.03.2012,29.5125
14.03.2012,29.5091
13.03.2012,29.6666
8.03.2012,29.6621
7.03.2012,29.4508
6.03.2012,29.2892
3.03.2012,29.296
2.03.2012,29.2889
1.03.2012,29.0253
29.02.2012,28.9503
28.02.2012,29.1264
25.02.2012,29.449
23.02.2012,29.7692
22.02.2012,29.7796
21.02.2012,29.7805
18.02.2012,29.9982
17.02.2012,30.2098
16.02.2012,29.944
15.02.2012,30.0868
14.02.2012,29.8873
11.02.2012,29.8923
10.02.2012,29.6795
9.02.2012,29.693
8.02.2012,30.0871
7.02.2012,30.2324
4.02.2012,30.2385
3.02.2012,30.1855
2.02.2012,30.4067
1.02.2012,30.3131
31.01.2012,30.3647
28.01.2012,30.3626
27.01.2012,30.36
26.01.2012,30.667
25.01.2012,30.8752
24.01.2012,31.3325
21.01.2012,31.2879
20.01.2012,31.4777
19.01.2012,31.5428
18.01.2012,31.5445
17.01.2012,31.9344
14.01.2012,31.583
13.01.2012,31.6807
12.01.2012,31.6886
11.01.2012,31.8729
31.12.2011,32.1961
30.12.2011,32.0197
29.12.2011,31.5633
28.12.2011,31.0847
27.12.2011,31.2266
24.12.2011,31.2575
23.12.2011,31.5634
22.12.2011,31.7645
21.12.2011,32.0519
20.12.2011,32.0323
17.12.2011,31.7701
16.12.2011,31.8957
15.12.2011,31.7655
14.12.2011,31.6704
13.12.2011,31.4134
10.12.2011,31.5691
9.12.2011,31.2308
8.12.2011,31.1527
7.12.2011,31.1026
6.12.2011,30.9068
3.12.2011,30.8099
2.12.2011,30.8486
1.12.2011,31.4001
30.11.2011,31.3216
29.11.2011,31.4117
26.11.2011,31.5788
25.11.2011,31.4365
24.11.2011,31.2133
23.11.2011,31.0612
22.11.2011,30.9693
19.11.2011,30.919
18.11.2011,30.7337
17.11.2011,30.8417
16.11.2011,30.66
15.11.2011,30.2921
12.11.2011,30.5282
11.11.2011,30.8454
10.11.2011,30.1033
9.11.2011,30.5014
8.11.2011,30.5694
4.11.2011,30.8438
3.11.2011,30.683
2.11.2011,30.6448
1.11.2011,30.1245
29.10.2011,29.8977
28.10.2011,30.2421
27.10.2011,30.5732
26.10.2011,30.4971
25.10.2011,30.8255
22.10.2011,31.3361
21.10.2011,31.3788
20.10.2011,30.9257
19.10.2011,30.9694
18.10.2011,30.737
15.10.2011,30.9905
14.10.2011,31.2014
13.10.2011,31.4151
12.10.2011,31.427
11.10.2011,32.0096
8.10.2011,32.2005
7.10.2011,32.5085
6.10.2011,32.6374
5.10.2011,32.6799
4.10.2011,32.589
1.10.2011,32.11
30.09.2011,31.8751
29.09.2011,31.818
28.09.2011,32.2201
27.09.2011,32.4619
24.09.2011,32.1083
23.09.2011,31.9106
22.09.2011,31.4122
21.09.2011,31.496
20.09.2011,30.868
17.09.2011,30.5328
16.09.2011,30.5042
15.09.2011,30.3643
14.09.2011,30.1872
13.09.2011,30.3034
10.09.2011,29.6904
9.09.2011,29.5015
8.09.2011,29.4905
7.09.2011,29.6107
6.09.2011,29.3436
3.09.2011,29.0604
2.09.2011,28.8911
1.09.2011,28.9278
31.08.2011,28.8569
30.08.2011,28.7108
27.08.2011,28.8717
26.08.2011,28.8825
25.08.2011,28.9037
24.08.2011,28.9547
23.08.2011,29.2555
20.08.2011,29.2709
19.08.2011,28.9115
18.08.2011,28.7207
17.08.2011,28.7032
16.08.2011,28.8576
13.08.2011,29.4452
12.08.2011,29.417
11.08.2011,29.3065
10.08.2011,29.4166
9.08.2011,28.521
6.08.2011,28.3382
5.08.2011,27.8432
4.08.2011,27.8996
3.08.2011,27.8154
2.08.2011,27.5204
30.07.2011,27.6796
29.07.2011,27.5907
28.07.2011,27.4439
27.07.2011,27.546
26.07.2011,27.7413
23.07.2011,27.7169
22.07.2011,27.908
21.07.2011,28.0466
20.07.2011,28.1505
19.07.2011,28.1775
16.07.2011,28.1277
15.07.2011,28.061
14.07.2011,28.2557
13.07.2011,28.3842
12.07.2011,28.0839
11.07.2011,27.8907
9.07.2011,27.888
8.07.2011,27.8907
7.07.2011,27.8907
6.07.2011,27.8622
5.07.2011,27.8037
4.07.2011,27.8726
2.07.2011,27.8536
1.07.2011,27.8726
30.06.2011,28.0758
29.06.2011,28.2352
28.06.2011,28.3478
25.06.2011,28.1655
24.06.2011,28.0568
23.06.2011,27.896
22.06.2011,28.0118
21.06.2011,28.1783
18.06.2011,28.1778
17.06.2011,28.19
16.06.2011,27.8957
15.06.2011,27.8984
11.06.2011,27.7907
10.06.2011,27.7033
9.06.2011,27.6847
8.06.2011,27.7814
7.06.2011,27.7752
4.06.2011,27.8751
3.06.2011,28.0419
2.06.2011,27.9682
1.06.2011,27.9805
31.05.2011,28.0685
28.05.2011,28.1166
27.05.2011,28.228
26.05.2011,28.4794
25.05.2011,28.437
24.05.2011,28.3418
21.05.2011,27.9145
20.05.2011,27.9608
19.05.2011,28.0466
18.05.2011,28.1177
17.05.2011,28.122
14.05.2011,27.8497
13.05.2011,27.9472
12.05.2011,27.6288
11.05.2011,27.8645
7.05.2011,27.6635
6.05.2011,27.2625
5.05.2011,27.3675
4.05.2011,27.3348
30.04.2011,27.5022
29.04.2011,27.4977
28.04.2011,27.7144
27.04.2011,27.8964
26.04.2011,27.9924
23.04.2011,27.9396
22.04.2011,27.9398
21.04.2011,28.1457
20.04.2011,28.4213
19.04.2011,28.1636
16.04.2011,28.2212
15.04.2011,28.1886
14.04.2011,28.1145
13.04.2011,28.1456
12.04.2011,27.9758
9.04.2011,28.1211
8.04.2011,28.2286
7.04.2011,28.2164
6.04.2011,28.3113
5.04.2011,28.2277
2.04.2011,28.3684
1.04.2011,28.5162
31.03.2011,28.429
30.03.2011,28.3436
29.03.2011,28.411
26.03.2011,28.2237
25.03.2011,28.4015
24.03.2011,28.27
23.03.2011,28.1561
22.03.2011,28.3675
19.03.2011,28.4763
18.03.2011,28.7422
17.03.2011,28.6582
16.03.2011,28.7263
15.03.2011,28.664
12.03.2011,28.6317
11.03.2011,28.4356
10.03.2011,28.2945
6.03.2011,28.1717
5.03.2011,28.188
4.03.2011,28.3228
3.03.2011,28.6277
2.03.2011,28.7569
1.03.2011,28.9028
26.02.2011,28.9405
25.02.2011,29.1611
23.02.2011,29.2859
22.02.2011,29.1549
19.02.2011,29.2585
18.02.2011,29.2447
17.02.2011,29.2735
16.02.2011,29.285
15.02.2011,29.2583
12.02.2011,29.32
11.02.2011,29.3535
10.02.2011,29.301
9.02.2011,29.255
8.02.2011,29.3689
5.02.2011,29.4136
4.02.2011,29.3489
3.02.2011,29.4219
2.02.2011,29.6548
1.02.2011,29.8018
29.01.2011,29.6684
28.01.2011,29.6738
27.01.2011,29.7768
26.01.2011,29.7948
25.01.2011,29.8516
22.01.2011,30.0109
21.01.2011,29.9147
20.01.2011,29.8252
19.01.2011,29.8881
18.01.2011,30.0534
15.01.2011,29.954
14.01.2011,30.0926
13.01.2011,30.3988
12.01.2011,30.6252
1.01.2011,30.3505
31.12.2010,30.4769
30.12.2010,30.3592
29.12.2010,30.272
28.12.2010,30.4495
25.12.2010,30.5778
24.12.2010,30.5922
23.12.2010,30.7187
22.12.2010,30.7188
21.12.2010,30.7746
18.12.2010,30.6682
17.12.2010,30.7528
16.12.2010,30.7199
15.12.2010,30.7447
14.12.2010,30.9006
11.12.2010,30.8604
10.12.2010,30.9831
9.12.2010,31.243
8.12.2010,31.2238
7.12.2010,31.2867
4.12.2010,31.2641
3.12.2010,31.3518
2.12.2010,31.4555
1.12.2010,31.3335
30.11.2010,31.3061
27.11.2010,31.3539
26.11.2010,31.2842
25.11.2010,31.2929
24.11.2010,31.2642
23.11.2010,30.995
20.11.2010,30.949
19.11.2010,31.1999
18.11.2010,31.3487
17.11.2010,31.056
16.11.2010,30.8632
14.11.2010,30.8414
13.11.2010,30.7722
12.11.2010,30.5107
11.11.2010,30.6925
10.11.2010,30.8612
9.11.2010,30.8029
4.11.2010,30.7709
3.11.2010,30.7941
2.11.2010,30.7738
30.10.2010,30.7821
29.10.2010,30.6786
28.10.2010,30.5682
27.10.2010,30.4
26.10.2010,30.2258
23.10.2010,30.4977
22.10.2010,30.7348
21.10.2010,30.7968
20.10.2010,30.4151
19.10.2010,30.5237
18.10.2010,29.9315
16.10.2010,30.1243
15.10.2010,29.9315
14.10.2010,30.1269
13.10.2010,30.0763
12.10.2010,29.8317
9.10.2010,29.9086
8.10.2010,29.6334
7.10.2010,29.8929
6.10.2010,30.436
5.10.2010,30.496
4.10.2010,30.5126
2.10.2010,30.5094
1.10.2010,30.5126
30.09.2010,30.403
29.09.2010,30.6013
28.09.2010,30.6119
27.09.2010,31.0031
25.09.2010,30.948
24.09.2010,31.0031
23.09.2010,30.9826
22.09.2010,31.0814
21.09.2010,30.9809
20.09.2010,31.0223
18.09.2010,31.0826
17.09.2010,31.0223
16.09.2010,30.7407
15.09.2010,30.7049
14.09.2010,30.6831
13.09.2010,30.8801
11.09.2010,30.8937
10.09.2010,30.8801
9.09.2010,30.8873
8.09.2010,30.7319
7.09.2010,30.5771
6.09.2010,30.6858
4.09.2010,30.6922
3.09.2010,30.6858
2.09.2010,30.8001
1.09.2010,30.8669
31.08.2010,30.664
28.08.2010,30.6969
27.08.2010,30.8227
26.08.2010,30.8958
25.08.2010,30.7559
24.08.2010,30.6041
23.08.2010,30.4636
21.08.2010,30.5099
20.08.2010,30.4636
19.08.2010,30.4257
18.08.2010,30.4514
17.08.2010,30.5199
14.08.2010,30.4199
13.08.2010,30.4493
12.08.2010,30.205
11.08.2010,30.0239
10.08.2010,29.8186
9.08.2010,29.8633
7.08.2010,29.8312
6.08.2010,29.8633
5.08.2010,29.7958
4.08.2010,29.9681
3.08.2010,30.1861
31.07.2010,30.1869
30.07.2010,30.2173
29.07.2010,30.2066
28.07.2010,30.2391
27.07.2010,30.3006
24.07.2010,30.3839
23.07.2010,30.5205
22.07.2010,30.4059
21.07.2010,30.4058
20.07.2010,30.5739
19.07.2010,30.5619
17.07.2010,30.4615
16.07.2010,30.5619
15.07.2010,30.539
14.07.2010,30.8543
13.07.2010,30.8823
12.07.2010,30.9479
10.07.2010,30.7953
9.07.2010,30.9479
8.07.2010,31.0922
7.07.2010,31.1124
6.07.2010,31.1124
5.07.2010,31.3703
3.07.2010,31.1942
2.07.2010,31.3703
1.07.2010,31.2554
30.06.2010,31.1954
29.06.2010,30.9833
28.06.2010,31.0149
26.06.2010,31.0761
25.06.2010,31.0149
24.06.2010,30.9694
23.06.2010,30.896
22.06.2010,30.7267
21.06.2010,31.1854
19.06.2010,30.884
18.06.2010,31.1854
17.06.2010,31.1566
16.06.2010,31.4595
15.06.2010,31.5742
12.06.2010,31.4471
11.06.2010,31.5742
10.06.2010,31.7302
9.06.2010,31.62
8.06.2010,31.7798
5.06.2010,31.0685
4.06.2010,30.8938
3.06.2010,31.19
2.06.2010,31.0702
1.06.2010,30.74
31.05.2010,30.8786
29.05.2010,30.4956
28.05.2010,30.8786
27.05.2010,31.3538
26.05.2010,31.4293
25.05.2010,30.8754
24.05.2010,30.7523
22.05.2010,31.0576
21.05.2010,30.7523
20.05.2010,30.6953
19.05.2010,30.3946
18.05.2010,30.6986
17.05.2010,29.8597
15.05.2010,30.0575
14.05.2010,29.8597
13.05.2010,30.2048
12.05.2010,30.3609
11.05.2010,30.2971
8.05.2010,30.7193
7.05.2010,30.2971
6.05.2010,29.6812
5.05.2010,29.2982
4.05.2010,29.2886
1.05.2010,29.1537
30.04.2010,29.2886
29.04.2010,29.3801
28.04.2010,29.0623
27.04.2010,29.0882
26.04.2010,29.1288
24.04.2010,29.2743
23.04.2010,29.1288
22.04.2010,29.0906
21.04.2010,29.1381
20.04.2010,29.1969
19.04.2010,28.931
17.04.2010,29.0325
16.04.2010,28.931
15.04.2010,29.0444
14.04.2010,29.0294
13.04.2010,28.9428
12.04.2010,29.4003
10.04.2010,29.3232
9.04.2010,29.4003
8.04.2010,29.294
7.04.2010,29.2416
6.04.2010,29.2097
5.04.2010,29.4394
3.04.2010,29.2194
2.04.2010,29.4394
1.04.2010,29.4956
31.03.2010,29.3638
30.03.2010,29.6309
29.03.2010,29.6572
27.03.2010,29.5142
26.03.2010,29.6572
25.03.2010,29.5764
24.03.2010,29.4707
23.03.2010,29.3389
22.03.2010,29.2223
20.03.2010,29.2565
19.03.2010,29.2223
18.03.2010,29.1927
17.03.2010,29.4242
16.03.2010,29.3353
15.03.2010,29.5195
13.03.2010,29.3897
12.03.2010,29.5195
11.03.2010,29.7249
10.03.2010,29.7499
9.03.2010,29.8217
6.03.2010,29.8366
5.03.2010,29.8217
4.03.2010,29.814
3.03.2010,29.9779
2.03.2010,29.93
1.03.2010,30.0388
28.02.2010,29.9484
27.02.2010,30.0388
26.02.2010,30.0521
25.02.2010,30.0309
24.02.2010,30.1138
20.02.2010,30.151
19.02.2010,30.1138
18.02.2010,29.9761
17.02.2010,30.1176
16.02.2010,30.2207
15.02.2010,30.1245
13.02.2010,30.1595
12.02.2010,30.1245
11.02.2010,30.2462
10.02.2010,30.3735
9.02.2010,30.5158
8.02.2010,30.0054
6.02.2010,30.4666
5.02.2010,30.0054
4.02.2010,29.8779
3.02.2010,30.183
2.02.2010,30.3996
1.02.2010,30.3631
30.01.2010,30.4312
29.01.2010,30.3631
28.01.2010,30.2921
27.01.2010,30.3136
26.01.2010,30.0946
25.01.2010,29.7486
23.01.2010,29.7458
22.01.2010,29.7486
21.01.2010,29.6941
20.01.2010,29.5184
19.01.2010,29.5963
18.01.2010,29.4299
16.01.2010,29.5603
15.01.2010,29.4299
14.01.2010,29.6409
13.01.2010,29.3774
12.01.2010,30.2442
11.01.2010,30.2442
1.01.2010,30.1851
31.12.2009,30.2442
30.12.2009,29.8491
29.12.2009,29.5952
28.12.2009,29.9292
26.12.2009,29.4266
25.12.2009,29.9292
24.12.2009,30.5007
23.12.2009,30.4439
22.12.2009,30.5529
21.12.2009,30.4392
19.12.2009,30.7187
18.12.2009,30.4392
17.12.2009,30.1978
16.12.2009,30.0678
15.12.2009,30.0481
14.12.2009,30.6268
12.12.2009,30.2107
11.12.2009,30.6268
10.12.2009,30.7562
9.12.2009,30.1839
8.12.2009,29.5221
7.12.2009,29.2427
5.12.2009,29.1979
4.12.2009,29.2427
3.12.2009,29.056
2.12.2009,29.1771
1.12.2009,29.0687
30.11.2009,28.8751
28.11.2009,29.8179
27.11.2009,28.8751
26.11.2009,28.7909
25.11.2009,28.8481
24.11.2009,28.7986
23.11.2009,28.7459
21.11.2009,28.8554
20.11.2009,28.7459
19.11.2009,28.7163
18.11.2009,28.6768
17.11.2009,28.6705
16.11.2009,28.6701
14.11.2009,28.8345
13.11.2009,28.6701
12.11.2009,28.7007
11.11.2009,28.7391
10.11.2009,28.8497
9.11.2009,29.133
7.11.2009,29.0156
6.11.2009,29.133
5.11.2009,29.1944
4.11.2009,29.2337
3.11.2009,29.1944
2.11.2009,29.3441
31.10.2009,29.0488
30.10.2009,29.3441
29.10.2009,29.1749
28.10.2009,29.0184
27.10.2009,28.9403
26.10.2009,29.0858
24.10.2009,29.0003
23.10.2009,29.0858
22.10.2009,29.1641
21.10.2009,29.1911
20.10.2009,29.3553
19.10.2009,29.3206
17.10.2009,29.3281
16.10.2009,29.3206
15.10.2009,29.4651
14.10.2009,29.5043
13.10.2009,29.5945
12.10.2009,29.6396
10.10.2009,29.609
9.10.2009,29.6396
8.10.2009,29.7819
7.10.2009,29.8322
6.10.2009,30.0785
5.10.2009,30.0621
3.10.2009,30.124
2.10.2009,30.0621
1.10.2009,30.0087
30.09.2009,30.0922
29.09.2009,30.1985
28.09.2009,30.0678
26.09.2009,30.137
25.09.2009,30.0678
24.09.2009,30.0004
23.09.2009,30.2385
22.09.2009,30.3711
19.09.2009,30.3744
18.09.2009,30.3881
17.09.2009,30.6067
16.09.2009,30.9895
15.09.2009,30.8617
12.09.2009,30.7246
11.09.2009,30.8851
10.09.2009,31.1452
9.09.2009,31.3754
8.09.2009,31.4298
5.09.2009,31.6062
4.09.2009,31.7679
3.09.2009,31.973
2.09.2009,31.7743
1.09.2009,31.8397
29.08.2009,31.5687
28.08.2009,31.6405
27.08.2009,31.4007
26.08.2009,31.5437
25.08.2009,31.5544
22.08.2009,31.9443
21.08.2009,31.6011
20.08.2009,31.9191
19.08.2009,31.9187
15.08.2009,31.7226
14.08.2009,32.1457
13.08.2009,32.6926
12.08.2009,31.7477
11.08.2009,31.6503
10.08.2009,31.1814
8.08.2009,31.5473
7.08.2009,31.1814
6.08.2009,31.1326
5.08.2009,31.0484
4.08.2009,31.2424
1.08.2009,31.1533
31.07.2009,31.7555
30.07.2009,31.4162
29.07.2009,30.6431
28.07.2009,30.7457
25.07.2009,31.1372
24.07.2009,31.076
23.07.2009,31.0785
22.07.2009,31.1791
21.07.2009,31.3733
18.07.2009,31.7837
17.07.2009,31.6943
16.07.2009,32.047
15.07.2009,32.5072
14.07.2009,33.0597
11.07.2009,32.0353
10.07.2009,31.8878
9.07.2009,31.7819
8.07.2009,31.4695
7.07.2009,31.4143
4.07.2009,31.2481
2.07.2009,31.1904
30.06.2009,31.2904
27.06.2009,31.1184
26.06.2009,31.2037
25.06.2009,31.1365
24.06.2009,31.5765
23.06.2009,31.2408
20.06.2009,31.1541
19.06.2009,31.0998
18.06.2009,31.1297
17.06.2009,31.3185
16.06.2009,31.1548
12.06.2009,30.9124
11.06.2009,30.9277
10.06.2009,31.2637
9.06.2009,31.0751
6.06.2009,30.6919
5.06.2009,30.8767
4.06.2009,30.5131
3.06.2009,30.7321
2.06.2009,30.7441
30.05.2009,30.9843
29.05.2009,31.3259
28.05.2009,31.1846
27.05.2009,31.1465
26.05.2009,31.0516
23.05.2009,31.1998
22.05.2009,31.4586
21.05.2009,31.8009
20.05.2009,31.9498
19.05.2009,32.2919
16.05.2009,32.0797
15.05.2009,32.1677
14.05.2009,31.9841
13.05.2009,32.2817
9.05.2009,32.5534
8.05.2009,32.7915
7.05.2009,32.8883
6.05.2009,32.8146
5.05.2009,32.9672
1.05.2009,32.974
30.04.2009,33.2491
29.04.2009,33.5533
28.04.2009,33.3904
25.04.2009,33.4187
24.04.2009,33.7848
23.04.2009,34.0597
22.04.2009,34.1043
21.04.2009,33.5371
18.04.2009,33.4677
17.04.2009,33.4184
16.04.2009,33.4507
15.04.2009,33.3887
14.04.2009,33.4863
11.04.2009,33.6309
10.04.2009,33.5334
9.04.2009,33.7781
8.04.2009,33.384
7.04.2009,33.1743
4.04.2009,33.4095
3.04.2009,33.7636
2.04.2009,33.9456
1.04.2009,33.9032
31.03.2009,34.0134
28.03.2009,33.4133
27.03.2009,33.4668
26.03.2009,33.7268
25.03.2009,33.2726
24.03.2009,33.3034
21.03.2009,33.423
20.03.2009,33.8222
19.03.2009,34.4203
18.03.2009,34.5318
17.03.2009,34.8388
14.03.2009,34.8316
13.03.2009,35.2944
12.03.2009,35.1164
11.03.2009,35.4534
7.03.2009,35.7374
6.03.2009,35.8899
5.03.2009,36.2284
4.03.2009,36.2054
3.03.2009,36.1644
28.02.2009,35.7205
27.02.2009,35.7223
26.02.2009,35.7442
25.02.2009,36.0254
21.02.2009,36.076
20.02.2009,36.091
19.02.2009,36.4267
18.02.2009,35.6345
17.02.2009,34.7797
14.02.2009,34.5578
13.02.2009,34.8003
12.02.2009,35.8323
11.02.2009,35.9285
10.02.2009,36.1258
7.02.2009,36.3798
6.02.2009,36.3095
5.02.2009,36.0135
4.02.2009,36.129
3.02.2009,36.1767
31.01.2009,35.4146
30.01.2009,34.6847
29.01.2009,33.2155
28.01.2009,32.9979
27.01.2009,32.9018
24.01.2009,32.8926
23.01.2009,32.7991
22.01.2009,32.643
21.01.2009,33.4154
20.01.2009,32.9085
17.01.2009,32.5747
16.01.2009,32.2135
15.01.2009,31.5616
14.01.2009,31.2226
13.01.2009,30.9981
12.01.2009,30.5331
31.12.2008,29.3804
30.12.2008,29.23
26.12.2008,28.6735
25.12.2008,28.6119
24.12.2008,28.3359
23.12.2008,28.2682
19.12.2008,27.6095
18.12.2008,27.5199
17.12.2008,27.6009
16.12.2008,27.816
11.12.2008,27.8671
4.12.2008,27.9212
27.11.2008,27.3563
26.11.2008,27.3913
25.11.2008,27.6613
13.11.2008,27.4704
12.11.2008,27.3399
11.11.2008,26.9639
7.11.2008,26.9114
6.11.2008,26.9146
2.11.2008,27.0793
1.11.2008,27.0981
31.10.2008,26.543
30.10.2008,27.0979
29.10.2008,27.3018
28.10.2008,27.3507
25.10.2008,27.0596
24.10.2008,26.9793
23.10.2008,26.9215
22.10.2008,26.4417
21.10.2008,26.0561
17.10.2008,26.3691
16.10.2008,26.1347
15.10.2008,26.0871
14.10.2008,26.1111
11.10.2008,26.208
10.10.2008,26.0695
9.10.2008,26.1629
8.10.2008,26.1791
7.10.2008,26.1784
4.10.2008,25.8993
3.10.2008,25.8213
2.10.2008,25.6023
1.10.2008,25.3718
30.09.2008,25.2464
27.09.2008,25.0221
26.09.2008,24.8982
25.09.2008,25.0703
24.09.2008,24.9864
23.09.2008,25.269
20.09.2008,25.4863
19.09.2008,25.4307
18.09.2008,25.5245
17.09.2008,25.5064
13.09.2008,25.7013
12.09.2008,25.7842
11.09.2008,25.5761
10.09.2008,25.5814
9.09.2008,25.2626
5.09.2008,25.2144
4.09.2008,24.8739
3.09.2008,24.7184
2.09.2008,24.667
29.08.2008,24.5474
28.08.2008,24.6019
27.08.2008,24.5803
26.08.2008,24.4389
21.08.2008,24.4316
20.08.2008,24.5703
16.08.2008,24.5054
15.08.2008,24.2901
14.08.2008,24.1559
13.08.2008,24.3424
12.08.2008,24.5697
9.08.2008,23.8782
8.08.2008,23.5816
7.08.2008,23.5142
6.08.2008,23.4354
5.08.2008,23.4039
2.08.2008,23.4697
1.08.2008,23.4186
31.07.2008,23.4456
30.07.2008,23.3278
29.07.2008,23.361
26.07.2008,23.3572
25.07.2008,23.3782
24.07.2008,23.322
23.07.2008,23.196
22.07.2008,23.212
19.07.2008,23.1937
18.07.2008,23.225
17.07.2008,23.1638
16.07.2008,23.1255
15.07.2008,23.23
12.07.2008,23.3727
11.07.2008,23.4363
10.07.2008,23.4147
9.07.2008,23.5024
8.07.2008,23.5589
5.07.2008,23.5125
4.07.2008,23.3759
3.07.2008,23.4147
2.07.2008,23.4689
1.07.2008,23.4068
28.06.2008,23.4573
27.06.2008,23.5245
26.06.2008,23.6113
25.06.2008,23.6223
24.06.2008,23.5908
21.06.2008,23.6288
20.06.2008,23.5979
19.06.2008,23.6586
18.06.2008,23.6402
17.06.2008,23.7795
12.06.2008,23.6748
11.06.2008,23.6109
10.06.2008,23.521
8.06.2008,23.5651
7.06.2008,23.6809
6.06.2008,23.8116
4.06.2008,23.6968
3.06.2008,23.7473
31.05.2008,23.7384
30.05.2008,23.6659
29.05.2008,23.5847
28.05.2008,23.5513
27.05.2008,23.5483
24.05.2008,23.6007
23.05.2008,23.5758
22.05.2008,23.6874
21.05.2008,23.7462
20.05.2008,23.7238
16.05.2008,23.8482
15.05.2008,23.8521
14.05.2008,23.7199
13.05.2008,23.8328
9.05.2008,23.8833
8.05.2008,23.7523
7.05.2008,23.7456
6.05.2008,23.7633
5.05.2008,23.7939
1.05.2008,23.6588
29.04.2008,23.6037
26.04.2008,23.6007
25.04.2008,23.4391
24.04.2008,23.3448
23.04.2008,23.4299
22.04.2008,23.4704
19.04.2008,23.3696
18.04.2008,23.3703
17.04.2008,23.4482
16.04.2008,23.4549
15.04.2008,23.5139
12.04.2008,23.4825
11.04.2008,23.4628
10.04.2008,23.5437
9.04.2008,23.533
8.04.2008,23.6028
5.04.2008,23.5982
4.04.2008,23.6153
3.04.2008,23.6706
2.04.2008,23.5799
1.04.2008,23.5027
29.03.2008,23.5156
28.03.2008,23.5171
27.03.2008,23.6559
26.03.2008,23.701
25.03.2008,23.8351
22.03.2008,23.7773
21.03.2008,23.6781
20.03.2008,23.5581
19.03.2008,23.5325
18.03.2008,23.5126
15.03.2008,23.649
14.03.2008,23.6924
13.03.2008,23.8461
12.03.2008,23.8587
8.03.2008,23.8353
7.03.2008,23.9349
6.03.2008,24.0473
5.03.2008,24.048
4.03.2008,24.0103
1.03.2008,24.0023
29.02.2008,24.1159
28.02.2008,24.1966
27.02.2008,24.4558
23.02.2008,24.4663
22.02.2008,24.5299
21.02.2008,24.5486
20.02.2008,24.5206
19.02.2008,24.5767
16.02.2008,24.5861
15.02.2008,24.6392
14.02.2008,24.6655
12.02.2008,24.6715
9.02.2008,24.7813
8.02.2008,24.6466
7.02.2008,24.6706
6.02.2008,24.5211
5.02.2008,24.4543
2.02.2008,24.4201
1.02.2008,24.4262
31.01.2008,24.4764
30.01.2008,24.475
29.01.2008,24.5952
26.01.2008,24.4386
25.01.2008,24.6349
24.01.2008,24.6325
23.01.2008,24.8917
22.01.2008,24.6456
19.01.2008,24.5076
18.01.2008,24.5043
17.01.2008,24.3367
16.01.2008,24.2858
15.01.2008,24.2913
12.01.2008,24.3671
11.01.2008,24.4796
10.01.2008,24.4387
30.12.2007,24.5462
29.12.2007,24.5398
28.12.2007,24.6387
27.12.2007,24.7019
26.12.2007,24.7196
25.12.2007,24.7307
22.12.2007,24.7235
21.12.2007,24.7529
20.12.2007,24.7281
19.12.2007,24.7236
18.12.2007,24.706
15.12.2007,24.5092
14.12.2007,24.4286
13.12.2007,24.4432
12.12.2007,24.4174
11.12.2007,24.488
8.12.2007,24.5295
7.12.2007,24.5506
6.12.2007,24.4236
5.12.2007,24.4733
4.12.2007,24.456
1.12.2007,24.4171
30.11.2007,24.3506
29.11.2007,24.3622
28.11.2007,24.3111
27.11.2007,24.3104
24.11.2007,24.2649
23.11.2007,24.3174
22.11.2007,24.3391
21.11.2007,24.4328
20.11.2007,24.4975
17.11.2007,24.5153
16.11.2007,24.462
15.11.2007,24.4917
14.11.2007,24.5286
13.11.2007,24.4946
9.11.2007,24.483
8.11.2007,24.5123
7.11.2007,24.6232
3.11.2007,24.6674
2.11.2007,24.6847
1.11.2007,24.6724
31.10.2007,24.7238
30.10.2007,24.6983
27.10.2007,24.7722
26.10.2007,24.8508
25.10.2007,24.8912
24.10.2007,24.9225
23.10.2007,24.8066
20.10.2007,24.8494
19.10.2007,24.8749
18.10.2007,24.9275
17.10.2007,24.9012
16.10.2007,24.923
13.10.2007,24.9216
12.10.2007,24.9199
11.10.2007,24.9842
10.10.2007,25.0597
9.10.2007,24.98
6.10.2007,24.9814
5.10.2007,25.0111
4.10.2007,24.9297
3.10.2007,24.9093
2.10.2007,24.8784
29.09.2007,24.9493
28.09.2007,24.9619
27.09.2007,24.9755
26.09.2007,25.0315
25.09.2007,25.0062
22.09.2007,25.054
21.09.2007,25.1258
20.09.2007,25.1867
19.09.2007,25.3547
18.09.2007,25.3286
15.09.2007,25.3422
14.09.2007,25.3679
13.09.2007,25.4056
12.09.2007,25.5154
11.09.2007,25.5708
8.09.2007,25.6618
7.09.2007,25.6639
6.09.2007,25.6997
5.09.2007,25.5982
4.09.2007,25.5896
1.09.2007,25.6262
31.08.2007,25.6494
30.08.2007,25.763
29.08.2007,25.6753
28.08.2007,25.6544
25.08.2007,25.7609
24.08.2007,25.7105
23.08.2007,25.8405
22.08.2007,25.8429
21.08.2007,25.7408
18.08.2007,25.7818
17.08.2007,25.7379
16.08.2007,25.6367
15.08.2007,25.5319
14.08.2007,25.4661
11.08.2007,25.507
10.08.2007,25.3444
9.08.2007,25.4837
8.08.2007,25.4702
7.08.2007,25.452
4.08.2007,25.5554
3.08.2007,25.5945
2.08.2007,25.6008
1.08.2007,25.5448
31.07.2007,25.5999
28.07.2007,25.4963
27.07.2007,25.4989
26.07.2007,25.4132
25.07.2007,25.3964
24.07.2007,25.3853
21.07.2007,25.4144
20.07.2007,25.4216
19.07.2007,25.4401
18.07.2007,25.4563
17.07.2007,25.4728
14.07.2007,25.4936
13.07.2007,25.5167
12.07.2007,25.5363
11.07.2007,25.6586
10.07.2007,25.7016
7.07.2007,25.7305
6.07.2007,25.6742
5.07.2007,25.6629
4.07.2007,25.6574
3.07.2007,25.7288
30.06.2007,25.8162
29.06.2007,25.7965
28.06.2007,25.8468
27.06.2007,25.7781
26.06.2007,25.901
23.06.2007,25.9356
22.06.2007,25.9692
21.06.2007,25.9372
20.06.2007,25.9268
19.06.2007,25.9558
16.06.2007,26.0323
15.06.2007,26.0465
14.06.2007,26.042
10.06.2007,25.9811
9.06.2007,25.9247
8.06.2007,25.8428
7.06.2007,25.818
6.06.2007,25.8493
5.06.2007,25.8928
2.06.2007,25.8983
1.06.2007,25.9043
31.05.2007,25.9031
30.05.2007,25.9029
29.05.2007,25.8884
26.05.2007,25.9152
25.05.2007,25.9002
24.05.2007,25.8964
23.05.2007,25.8831
22.05.2007,25.8388
19.05.2007,25.8492
18.05.2007,25.8074
17.05.2007,25.7376
16.05.2007,25.7927
15.05.2007,25.8067
12.05.2007,25.8594
11.05.2007,25.7771
9.05.2007,25.7334
8.05.2007,25.7351
5.05.2007,25.7691
4.05.2007,25.7288
3.05.2007,25.7564
29.04.2007,25.6851
28.04.2007,25.7446
27.04.2007,25.6934
26.04.2007,25.6948
25.04.2007,25.776
24.04.2007,25.7617
21.04.2007,25.724
20.04.2007,25.7657
19.04.2007,25.7469
18.04.2007,25.7994
17.04.2007,25.7966
14.04.2007,25.8286
13.04.2007,25.8647
12.04.2007,25.9181
11.04.2007,25.921
10.04.2007,25.9846
7.04.2007,25.9252
6.04.2007,25.9871
5.04.2007,26.0094
4.04.2007,25.9839
3.04.2007,25.9947
31.03.2007,26.0113
30.03.2007,26.0204
29.03.2007,25.9956
28.03.2007,26.018
27.03.2007,26.077
24.03.2007,26.0109
23.03.2007,25.9709
22.03.2007,26.0335
21.03.2007,26.0414
20.03.2007,26.0419
17.03.2007,26.0476
16.03.2007,26.13
15.03.2007,26.1491
14.03.2007,26.1873
13.03.2007,26.2278
10.03.2007,26.2086
8.03.2007,26.2352
7.03.2007,26.2432
6.03.2007,26.2147
3.03.2007,26.174
2.03.2007,26.1366
1.03.2007,26.1481
28.02.2007,26.1599
27.02.2007,26.173
23.02.2007,26.2474
22.02.2007,26.1967
21.02.2007,26.1964
20.02.2007,26.2131
17.02.2007,26.2358
16.02.2007,26.2314
15.02.2007,26.306
14.02.2007,26.3759
13.02.2007,26.3414
10.02.2007,26.3473
9.02.2007,26.3945
8.02.2007,26.504
7.02.2007,26.5543
6.02.2007,26.5288
3.02.2007,26.48
2.02.2007,26.4882
1.02.2007,26.5484
31.01.2007,26.5331
30.01.2007,26.5747
27.01.2007,26.5575
26.01.2007,26.5018
25.01.2007,26.4879
24.01.2007,26.524
23.01.2007,26.5214
20.01.2007,26.5075
19.01.2007,26.5343
18.01.2007,26.5646
17.01.2007,26.5481
16.01.2007,26.5645
13.01.2007,26.577
12.01.2007,26.532
11.01.2007,26.4898
10.01.2007,26.4465
30.12.2006,26.3311
29.12.2006,26.3789
28.12.2006,26.3365
27.12.2006,26.36
26.12.2006,26.3528
23.12.2006,26.2941
22.12.2006,26.2928
21.12.2006,26.2759
20.12.2006,26.383
19.12.2006,26.3884
16.12.2006,26.3298
15.12.2006,26.2645
14.12.2006,26.2332
13.12.2006,26.2609
12.12.2006,26.2977
9.12.2006,26.2356
8.12.2006,26.1917
7.12.2006,26.1883
6.12.2006,26.184
5.12.2006,26.2056
2.12.2006,26.2465
1.12.2006,26.3081
30.11.2006,26.3147
29.11.2006,26.3503
28.11.2006,26.3666
25.11.2006,26.5199
24.11.2006,26.556
23.11.2006,26.6122
22.11.2006,26.6548
21.11.2006,26.6402
18.11.2006,26.6888
17.11.2006,26.6551
16.11.2006,26.6548
15.11.2006,26.6509
14.11.2006,26.6194
11.11.2006,26.6195
10.11.2006,26.6982
9.11.2006,26.7044
8.11.2006,26.7218
4.11.2006,26.7007
3.11.2006,26.7277
2.11.2006,26.7285
1.11.2006,26.7811
31.10.2006,26.7477
28.10.2006,26.7884
27.10.2006,26.8305
26.10.2006,26.9025
25.10.2006,26.9307
24.10.2006,26.8804
21.10.2006,26.851
20.10.2006,26.9351
19.10.2006,26.9288
18.10.2006,26.9445
17.10.2006,26.969
14.10.2006,26.9314
13.10.2006,26.9508
12.10.2006,26.9537
11.10.2006,26.889
10.10.2006,26.8919
7.10.2006,26.8102
6.10.2006,26.7803
5.10.2006,26.7671
4.10.2006,26.7335
3.10.2006,26.7948
30.09.2006,26.7799
29.09.2006,26.7498
28.09.2006,26.7944
27.09.2006,26.7263
26.09.2006,26.6665
23.09.2006,26.6712
22.09.2006,26.7674
21.09.2006,26.7974
20.09.2006,26.7715
19.09.2006,26.8048
16.09.2006,26.7667
15.09.2006,26.8015
14.09.2006,26.798
13.09.2006,26.7764
12.09.2006,26.7965
9.09.2006,26.7625
8.09.2006,26.6708
7.09.2006,26.6714
6.09.2006,26.6406
5.09.2006,26.7222
2.09.2006,26.7542
1.09.2006,26.7295
31.08.2006,26.7379
30.08.2006,26.7446
29.08.2006,26.7672
26.08.2006,26.7998
25.08.2006,26.7863
24.08.2006,26.7614
23.08.2006,26.6964
22.08.2006,26.705
19.08.2006,26.7364
18.08.2006,26.7225
17.08.2006,26.7804
16.08.2006,26.8337
15.08.2006,26.8189
12.08.2006,26.793
11.08.2006,26.6738
10.08.2006,26.7391
9.08.2006,26.7348
8.08.2006,26.6962
5.08.2006,26.771
4.08.2006,26.804
3.08.2006,26.7605
2.08.2006,26.8416
1.08.2006,26.8197
29.07.2006,26.8718
28.07.2006,26.8431
27.07.2006,26.9878
26.07.2006,26.9073
25.07.2006,26.9223
22.07.2006,26.9122
21.07.2006,26.9674
20.07.2006,27.0554
19.07.2006,27.0194
18.07.2006,26.9277
15.07.2006,26.9631
14.07.2006,26.9189
13.07.2006,26.867
12.07.2006,26.9125
11.07.2006,26.8558
8.07.2006,26.8781
7.07.2006,26.9111
6.07.2006,26.8559
5.07.2006,26.8397
4.07.2006,26.8735
1.07.2006,26.9423
30.06.2006,27.0789
29.06.2006,27.0611
28.06.2006,27.0334
27.06.2006,27.1021
24.06.2006,27.0491
23.06.2006,26.9738
22.06.2006,27.0163
21.06.2006,27.045
20.06.2006,27.0379
17.06.2006,26.9869
16.06.2006,27.0369
15.06.2006,27.0895
14.06.2006,27.0836
10.06.2006,27.0079
9.06.2006,26.8801
8.06.2006,26.8582
7.06.2006,26.7331
6.06.2006,26.7089
3.06.2006,26.8868
2.06.2006,27.0474
1.06.2006,26.9355
31.05.2006,26.984
30.05.2006,27.0652
27.05.2006,27.0349
26.05.2006,27.0381
25.05.2006,27.0168
24.05.2006,26.9876
23.05.2006,27.0965
20.05.2006,26.9987
19.05.2006,27.0663
18.05.2006,26.9569
17.05.2006,27.0209
16.05.2006,26.9187
13.05.2006,26.9431
12.05.2006,27.0755
11.05.2006,27.0359
7.05.2006,27.0801
6.05.2006,27.1258
5.05.2006,27.2085
4.05.2006,27.159
3.05.2006,27.2424
29.04.2006,27.2739
28.04.2006,27.3621
27.04.2006,27.3921
26.04.2006,27.4244
25.04.2006,27.4331
22.04.2006,27.5198
21.04.2006,27.4666
20.04.2006,27.465
19.04.2006,27.5675
18.04.2006,27.6336
15.04.2006,27.7002
14.04.2006,27.6985
13.04.2006,27.6625
12.04.2006,27.6797
11.04.2006,27.7085
8.04.2006,27.6077
7.04.2006,27.5332
6.04.2006,27.5602
5.04.2006,27.6921
4.04.2006,27.7737
1.04.2006,27.6996
31.03.2006,27.7626
30.03.2006,27.8043
29.03.2006,27.8019
28.03.2006,27.773
25.03.2006,27.847
24.03.2006,27.768
23.03.2006,27.7383
22.03.2006,27.7027
21.03.2006,27.6615
18.03.2006,27.7028
17.03.2006,27.8171
16.03.2006,27.8432
15.03.2006,27.9929
14.03.2006,28.0079
11.03.2006,28.0203
10.03.2006,28
8.03.2006,27.9945
7.03.2006,27.881
4.03.2006,27.9305
3.03.2006,28.0279
2.03.2006,28.0245
1.03.2006,28.1211
28.02.2006,28.1223
27.02.2006,28.155
23.02.2006,28.1827
22.02.2006,28.1908
21.02.2006,28.1451
18.02.2006,28.2182
17.02.2006,28.2225
16.02.2006,28.1994
15.02.2006,28.1844
14.02.2006,28.2369
11.02.2006,28.2411
10.02.2006,28.2496
9.02.2006,28.2642
8.02.2006,28.2524
7.02.2006,28.2349
4.02.2006,28.1732
3.02.2006,28.1901
2.02.2006,28.1042
1.02.2006,28.1305
31.01.2006,28.1207
28.01.2006,28.024
27.01.2006,27.9698
26.01.2006,27.9805
25.01.2006,27.9898
24.01.2006,28.0512
21.01.2006,28.2909
20.01.2006,28.2863
19.01.2006,28.3023
18.01.2006,28.2697
17.01.2006,28.3007
14.01.2006,28.474
13.01.2006,28.3966
12.01.2006,28.4834
11.01.2006,28.4821
31.12.2005,28.7825
30.12.2005,28.79
29.12.2005,28.7472
28.12.2005,28.8177
27.12.2005,28.8059
24.12.2005,28.7799
23.12.2005,28.84
22.12.2005,28.7629
21.12.2005,28.6649
20.12.2005,28.64
17.12.2005,28.6523
16.12.2005,28.6892
15.12.2005,28.661
14.12.2005,28.7135
13.12.2005,28.8571
10.12.2005,28.9258
9.12.2005,28.9799
8.12.2005,28.9261
7.12.2005,28.9123
6.12.2005,28.9978
3.12.2005,28.9646
2.12.2005,28.816
1.12.2005,28.7792
30.11.2005,28.7312
29.11.2005,28.8698
26.11.2005,28.7896
25.11.2005,28.741
24.11.2005,28.7267
23.11.2005,28.8108
22.11.2005,28.7745
19.11.2005,28.8436
18.11.2005,28.876
17.11.2005,28.838
16.11.2005,28.8503
15.11.2005,28.825
12.11.2005,28.879
11.11.2005,28.8135
10.11.2005,28.828
9.11.2005,28.8389
8.11.2005,28.7593
4.11.2005,28.5544
3.11.2005,28.5805
2.11.2005,28.581
1.11.2005,28.503
29.10.2005,28.4244
28.10.2005,28.4793
27.10.2005,28.4633
26.10.2005,28.6087
25.10.2005,28.6248
22.10.2005,28.5666
21.10.2005,28.6219
20.10.2005,28.6715
19.10.2005,28.614
18.10.2005,28.5291
15.10.2005,28.5861
14.10.2005,28.599
13.10.2005,28.625
12.10.2005,28.5562
11.10.2005,28.4708
8.10.2005,28.4577
7.10.2005,28.5207
6.10.2005,28.6157
5.10.2005,28.643
4.10.2005,28.6132
1.10.2005,28.5348
30.09.2005,28.4989
29.09.2005,28.5366
28.09.2005,28.5678
27.09.2005,28.5463
24.09.2005,28.432
23.09.2005,28.3603
22.09.2005,28.3812
21.09.2005,28.4065
20.09.2005,28.4582
17.09.2005,28.3026
16.09.2005,28.3698
15.09.2005,28.316
14.09.2005,28.3856
13.09.2005,28.3566
10.09.2005,28.2517
9.09.2005,28.2562
8.09.2005,28.2015
7.09.2005,28.2108
6.09.2005,28.1977
3.09.2005,28.3037
2.09.2005,28.4637
1.09.2005,28.5566
31.08.2005,28.545
30.08.2005,28.4368
27.08.2005,28.4505
26.08.2005,28.4572
25.08.2005,28.5844
24.08.2005,28.5494
23.08.2005,28.5852
20.08.2005,28.6003
19.08.2005,28.4936
18.08.2005,28.473
17.08.2005,28.4161
16.08.2005,28.3815
13.08.2005,28.3122
12.08.2005,28.3788
11.08.2005,28.3931
10.08.2005,28.3791
9.08.2005,28.4355
6.08.2005,28.4171
5.08.2005,28.4854
4.08.2005,28.604
3.08.2005,28.5826
2.08.2005,28.595
30.07.2005,28.6341
29.07.2005,28.6817
28.07.2005,28.7304
27.07.2005,28.6888
26.07.2005,28.6898
23.07.2005,28.5792
22.07.2005,28.6012
21.07.2005,28.6744
20.07.2005,28.7252
19.07.2005,28.6726
16.07.2005,28.6269
15.07.2005,28.6679
14.07.2005,28.5678
13.07.2005,28.5938
12.07.2005,28.7154
9.07.2005,28.8374
8.07.2005,28.831
7.07.2005,28.8185
6.07.2005,28.8333
5.07.2005,28.8005
2.07.2005,28.6794
1.07.2005,28.6282
30.06.2005,28.6721
29.06.2005,28.584
28.06.2005,28.5802
25.06.2005,28.6787
24.06.2005,28.6193
23.06.2005,28.5528
22.06.2005,28.5497
21.06.2005,28.4765
18.06.2005,28.5841
17.06.2005,28.6024
16.06.2005,28.6237
15.06.2005,28.5658
11.06.2005,28.4671
10.06.2005,28.4457
9.06.2005,28.3766
8.06.2005,28.4133
7.06.2005,28.429
4.06.2005,28.3761
3.06.2005,28.375
2.06.2005,28.2885
1.06.2005,28.1946
31.05.2005,28.0919
28.05.2005,28.0813
27.05.2005,28.0638
26.05.2005,28.0367
25.05.2005,28.0327
24.05.2005,28.0619
21.05.2005,27.9719
20.05.2005,27.9608
19.05.2005,28.0055
18.05.2005,27.9929
17.05.2005,28.0223
14.05.2005,27.9237
13.05.2005,27.8677
12.05.2005,27.816
7.05.2005,27.7852
6.05.2005,27.7845
5.05.2005,27.7896
4.05.2005,27.8364
30.04.2005,27.7726
29.04.2005,27.794
28.04.2005,27.8055
27.04.2005,27.7586
26.04.2005,27.7463
23.04.2005,27.7304
22.04.2005,27.7074
21.04.2005,27.7241
20.04.2005,27.7543
19.04.2005,27.8222
16.04.2005,27.9031
15.04.2005,27.8291
14.04.2005,27.7907
13.04.2005,27.765
12.04.2005,27.7933
9.04.2005,27.8789
8.04.2005,27.8085
7.04.2005,27.8739
6.04.2005,27.9394
5.04.2005,27.8926
2.04.2005,27.8831
1.04.2005,27.8548
31.03.2005,27.8256
30.03.2005,27.8313
29.03.2005,27.8198
26.03.2005,27.7112
25.03.2005,27.697
24.03.2005,27.6381
23.03.2005,27.5764
22.03.2005,27.5442
19.03.2005,27.4827
18.03.2005,27.4611
17.03.2005,27.489
16.03.2005,27.4902
15.03.2005,27.477
12.03.2005,27.4629
11.03.2005,27.4637
10.03.2005,27.5562
6.03.2005,27.6698
5.03.2005,27.7518
4.03.2005,27.7245
3.03.2005,27.699
2.03.2005,27.7091
1.03.2005,27.7007
26.02.2005,27.7738
25.02.2005,27.745
23.02.2005,27.8312
22.02.2005,27.9365
19.02.2005,27.9359
18.02.2005,27.9998
17.02.2005,28.0016
16.02.2005,28.0207
15.02.2005,28.0306
12.02.2005,28.0688
11.02.2005,28.0853
10.02.2005,28.133
9.02.2005,28.1872
8.02.2005,28.1237
5.02.2005,27.9833
4.02.2005,28.0104
3.02.2005,27.9665
2.02.2005,27.9656
1.02.2005,28.1136
29.01.2005,28.0845
28.01.2005,28.0025
27.01.2005,28.1017
26.01.2005,27.9804
25.01.2005,28.0157
22.01.2005,28.1569
21.01.2005,28.1594
20.01.2005,28.1573
19.01.2005,28.1129
18.01.2005,27.9668
15.01.2005,27.9469
14.01.2005,27.8677
13.01.2005,27.88
12.01.2005,27.9549
1.01.2005,27.7487
31.12.2004,27.7487
30.12.2004,27.7487
29.12.2004,27.775
28.12.2004,27.7796
25.12.2004,27.8251
24.12.2004,27.8341
23.12.2004,27.8389
22.12.2004,27.8887
21.12.2004,27.8917
18.12.2004,27.8821
17.12.2004,27.8372
16.12.2004,27.9103
15.12.2004,27.9955
11.12.2004,28.1243
10.12.2004,28.0293
9.12.2004,27.9772
8.12.2004,27.8741
7.12.2004,27.8402
4.12.2004,27.9271
3.12.2004,27.9951
2.12.2004,28.0161
1.12.2004,28.1496
30.11.2004,28.2367
26.11.2004,28.3205
25.11.2004,28.4144
24.11.2004,28.5217
23.11.2004,28.5208
20.11.2004,28.5455
19.11.2004,28.5387
18.11.2004,28.6687
17.11.2004,28.6882
16.11.2004,28.6696
13.11.2004,28.6651
12.11.2004,28.6889
11.11.2004,28.6718
10.11.2004,28.6502
6.11.2004,28.668
5.11.2004,28.765
4.11.2004,28.7811
3.11.2004,28.7778
2.11.2004,28.7651
30.10.2004,28.7655
29.10.2004,28.7783
28.10.2004,28.7674
27.10.2004,28.7709
26.10.2004,28.8673
23.10.2004,28.9989
22.10.2004,29.1154
21.10.2004,29.115
20.10.2004,29.1175
19.10.2004,29.1191
16.10.2004,29.1151
15.10.2004,29.1154
14.10.2004,29.1199
13.10.2004,29.1152
9.10.2004,29.2218
8.10.2004,29.2204
7.10.2004,29.2215
6.10.2004,29.219
5.10.2004,29.2159
2.10.2004,29.2175
1.10.2004,29.2224
30.09.2004,29.2171
29.09.2004,29.215
28.09.2004,29.2164
25.09.2004,29.2151
24.09.2004,29.2146
23.09.2004,29.2172
22.09.2004,29.2165
21.09.2004,29.2154
18.09.2004,29.2214
17.09.2004,29.2187
16.09.2004,29.2151
15.09.2004,29.2162
14.09.2004,29.2151
11.09.2004,29.2166
10.09.2004,29.2173
9.09.2004,29.2239
8.09.2004,29.2187
7.09.2004,29.2183
4.09.2004,29.2307
3.09.2004,29.2322
2.09.2004,29.2552
1.09.2004,29.2591
31.08.2004,29.2447
28.08.2004,29.2289
27.08.2004,29.2226
26.08.2004,29.2225
25.08.2004,29.2208
24.08.2004,29.2178
21.08.2004,29.2199
20.08.2004,29.2325
19.08.2004,29.2176
18.08.2004,29.2152
17.08.2004,29.2229
14.08.2004,29.2579
13.08.2004,29.276
12.08.2004,29.2519
11.08.2004,29.2381
10.08.2004,29.2491
7.08.2004,29.1907
6.08.2004,29.1761
5.08.2004,29.1764
4.08.2004,29.1829
3.08.2004,29.1405
31.07.2004,29.1019
30.07.2004,29.0891
29.07.2004,29.0871
28.07.2004,29.0832
27.07.2004,29.0928
24.07.2004,29.083
23.07.2004,29.0891
22.07.2004,29.0882
21.07.2004,29.0815
20.07.2004,29.0805
17.07.2004,29.0908
16.07.2004,29.077
15.07.2004,29.1037
14.07.2004,29.1248
13.07.2004,29.1332
10.07.2004,29.11
9.07.2004,29.1019
8.07.2004,29.0639
7.07.2004,29.0402
6.07.2004,29.0356
3.07.2004,29.0409
2.07.2004,29.0388
1.07.2004,29.0471
30.06.2004,29.0274
29.06.2004,29.0242
26.06.2004,29.0256
25.06.2004,29.0218
24.06.2004,29.0243
23.06.2004,29.0206
22.06.2004,29.017
19.06.2004,29.0257
18.06.2004,29.029
17.06.2004,29.0199
16.06.2004,29.02
12.06.2004,29.0287
11.06.2004,29.0424
10.06.2004,29.0337
9.06.2004,29.0219
8.06.2004,29.0346
5.06.2004,29.0658
4.06.2004,29.0859
3.06.2004,29.0511
2.06.2004,29.0053
1.06.2004,28.9993
29.05.2004,28.985
28.05.2004,28.985
27.05.2004,28.9817
26.05.2004,28.9763
25.05.2004,28.9916
22.05.2004,28.9863
21.05.2004,28.9904
20.05.2004,28.9924
19.05.2004,28.9983
18.05.2004,29.0436
15.05.2004,29.0684
14.05.2004,29.0772
13.05.2004,29.0587
12.05.2004,28.9862
8.05.2004,28.953
7.05.2004,28.873
6.05.2004,28.8976
1.05.2004,28.9612
30.04.2004,28.8834
29.04.2004,28.8636
28.04.2004,28.87
27.04.2004,29.0033
24.04.2004,28.9671
23.04.2004,28.98
22.04.2004,28.9237
21.04.2004,28.7662
20.04.2004,28.6693
17.04.2004,28.6223
16.04.2004,28.6104
15.04.2004,28.6221
14.04.2004,28.5892
13.04.2004,28.5535
10.04.2004,28.5065
9.04.2004,28.5172
8.04.2004,28.5296
7.04.2004,28.541
6.04.2004,28.5385
3.04.2004,28.5095
2.04.2004,28.5024
1.04.2004,28.5151
31.03.2004,28.4853
30.03.2004,28.4886
27.03.2004,28.4891
26.03.2004,28.4979
25.03.2004,28.4852
24.03.2004,28.4855
23.03.2004,28.5121
20.03.2004,28.5045
19.03.2004,28.5005
18.03.2004,28.534
17.03.2004,28.5121
16.03.2004,28.5064
13.03.2004,28.5083
12.03.2004,28.5726
11.03.2004,28.5733
10.03.2004,28.5216
6.03.2004,28.6343
5.03.2004,28.6654
4.03.2004,28.5895
3.03.2004,28.5321
2.03.2004,28.5162
28.02.2004,28.5156
27.02.2004,28.511
26.02.2004,28.4973
25.02.2004,28.4931
21.02.2004,28.4934
20.02.2004,28.4959
19.02.2004,28.4851
18.02.2004,28.4878
17.02.2004,28.4949
14.02.2004,28.518
13.02.2004,28.518
12.02.2004,28.5312
11.02.2004,28.5048
10.02.2004,28.4939
7.02.2004,28.5744
6.02.2004,28.4906
5.02.2004,28.5281
4.02.2004,28.6205
3.02.2004,28.5252
31.01.2004,28.4937
30.01.2004,28.4916
29.01.2004,28.485
28.01.2004,28.5139
27.01.2004,28.4963
24.01.2004,28.5514
23.01.2004,28.6959
22.01.2004,28.8026
21.01.2004,28.7853
20.01.2004,28.7961
17.01.2004,28.8795
16.01.2004,28.8795
15.01.2004,28.8691
14.01.2004,28.8841
13.01.2004,28.8711
10.01.2004,28.9918
9.01.2004,29.135
7.01.2004,29.245
6.01.2004,29.4545
1.01.2004,29.4545
31.12.2003,29.4545
30.12.2003,29.4545
27.12.2003,29.2533
26.12.2003,29.245
25.12.2003,29.245
24.12.2003,29.245
23.12.2003,29.2719
20.12.2003,29.245
19.12.2003,29.2454
18.12.2003,29.2522
17.12.2003,29.304
16.12.2003,29.3861
12.12.2003,29.4394
11.12.2003,29.5375
10.12.2003,29.5529
9.12.2003,29.5502
6.12.2003,29.6322
5.12.2003,29.6953
4.12.2003,29.695
3.12.2003,29.6995
2.12.2003,29.7038
29.11.2003,29.7387
28.11.2003,29.7369
27.11.2003,29.736
26.11.2003,29.736
25.11.2003,29.7356
22.11.2003,29.7979
21.11.2003,29.8084
20.11.2003,29.7952
19.11.2003,29.8004
18.11.2003,29.7972
15.11.2003,29.8186
14.11.2003,29.859
13.11.2003,29.8104
12.11.2003,29.804
11.11.2003,29.8113
7.11.2003,29.8113
6.11.2003,29.8124
5.11.2003,29.8608
4.11.2003,29.9441
1.11.2003,29.9451
31.10.2003,29.8584
30.10.2003,29.8189
29.10.2003,29.9335
28.10.2003,30.0847
25.10.2003,29.9156
24.10.2003,29.915
23.10.2003,29.9206
22.10.2003,29.9319
21.10.2003,30.0179
18.10.2003,30.0741
17.10.2003,30.1254
16.10.2003,30.1235
15.10.2003,30.2348
14.10.2003,30.0552
11.10.2003,30.235
10.10.2003,30.235
9.10.2003,30.3773
8.10.2003,30.3819
7.10.2003,30.4604
4.10.2003,30.4382
3.10.2003,30.4676
2.10.2003,30.5693
1.10.2003,30.6142
30.09.2003,30.6119
27.09.2003,30.4998
26.09.2003,30.4721
25.09.2003,30.451
24.09.2003,30.4998
23.09.2003,30.4909
20.09.2003,30.56
19.09.2003,30.5877
18.09.2003,30.68
17.09.2003,30.7007
16.09.2003,30.7007
13.09.2003,30.659
12.09.2003,30.6565
11.09.2003,30.6307
10.09.2003,30.6407
9.09.2003,30.7013
6.09.2003,30.6844
5.09.2003,30.6396
4.09.2003,30.604
3.09.2003,30.5547
2.09.2003,30.5458
30.08.2003,30.5036
29.08.2003,30.5036
28.08.2003,30.3916
27.08.2003,30.361
26.08.2003,30.3014
23.08.2003,30.31
22.08.2003,30.3251
21.08.2003,30.311
20.08.2003,30.3258
19.08.2003,30.3246
16.08.2003,30.3532
15.08.2003,30.3287
14.08.2003,30.3832
13.08.2003,30.3524
12.08.2003,30.3764
9.08.2003,30.3977
8.08.2003,30.3359
7.08.2003,30.2979
6.08.2003,30.2813
5.08.2003,30.332
2.08.2003,30.3031
1.08.2003,30.2791
31.07.2003,30.2596
30.07.2003,30.245
29.07.2003,30.2467
26.07.2003,30.322
25.07.2003,30.3557
24.07.2003,30.3469
23.07.2003,30.2976
22.07.2003,30.3647
19.07.2003,30.4316
18.07.2003,30.4891
17.07.2003,30.5175
16.07.2003,30.5349
15.07.2003,30.4955
12.07.2003,30.3808
11.07.2003,30.3642
10.07.2003,30.4178
9.07.2003,30.3574
8.07.2003,30.3014
5.07.2003,30.2906
4.07.2003,30.28
3.07.2003,30.28
2.07.2003,30.3267
1.07.2003,30.3809
28.06.2003,30.3483
27.06.2003,30.3396
26.06.2003,30.318
25.06.2003,30.3511
24.06.2003,30.3546
22.06.2003,30.3205
21.06.2003,30.3807
20.06.2003,30.3807
19.06.2003,30.38
18.06.2003,30.3805
17.06.2003,30.4612
12.06.2003,30.5123
11.06.2003,30.5589
10.06.2003,30.4613
7.06.2003,30.5658
6.06.2003,30.6478
5.06.2003,30.7599
4.06.2003,30.7427
3.06.2003,30.64
31.05.2003,30.709
30.05.2003,30.6691
29.05.2003,30.6186
28.05.2003,30.72
27.05.2003,30.72
24.05.2003,30.8316
23.05.2003,30.8316
22.05.2003,30.8902
21.05.2003,30.89
20.05.2003,30.89
17.05.2003,30.8902
16.05.2003,30.98
15.05.2003,30.9811
14.05.2003,30.9801
13.05.2003,31.0076
9.05.2003,31.1001
8.05.2003,31.1009
7.05.2003,31.1184
6.05.2003,31.1105
1.05.2003,31.1021
30.04.2003,31.1
29.04.2003,31.1
26.04.2003,31.1
25.04.2003,31.1
24.04.2003,31.1003
23.04.2003,31.1025
22.04.2003,31.1022
19.04.2003,31.1899
18.04.2003,31.1831
17.04.2003,31.1905
16.04.2003,31.189
15.04.2003,31.2345
12.04.2003,31.2849
11.04.2003,31.2829
10.04.2003,31.2821
9.04.2003,31.2814
8.04.2003,31.2798
5.04.2003,31.2818
4.04.2003,31.2908
3.04.2003,31.286
2.04.2003,31.3175
1.04.2003,31.3801
29.03.2003,31.3805
28.03.2003,31.38
27.03.2003,31.3829
26.03.2003,31.38
25.03.2003,31.3803
22.03.2003,31.3811
21.03.2003,31.384
20.03.2003,31.3976
19.03.2003,31.4077
18.03.2003,31.3872
15.03.2003,31.382
14.03.2003,31.3818
13.03.2003,31.4407
12.03.2003,31.5076
8.03.2003,31.5619
7.03.2003,31.5891
6.03.2003,31.592
5.03.2003,31.5809
4.03.2003,31.5956
1.03.2003,31.5729
28.02.2003,31.5762
27.02.2003,31.6065
26.02.2003,31.5875
22.02.2003,31.55
21.02.2003,31.5501
20.02.2003,31.581
19.02.2003,31.5503
18.02.2003,31.6406
15.02.2003,31.6406
14.02.2003,31.6554
13.02.2003,31.7101
12.02.2003,31.784
11.02.2003,31.8214
8.02.2003,31.8352
7.02.2003,31.835
6.02.2003,31.8351
5.02.2003,31.8354
4.02.2003,31.8517
3.02.2003,31.8222
1.02.2003,31.8345
31.01.2003,31.8222
30.01.2003,31.8
29.01.2003,31.8001
28.01.2003,31.8001
25.01.2003,31.8015
24.01.2003,31.811
23.01.2003,31.8095
22.01.2003,31.8003
21.01.2003,31.8224
18.01.2003,31.8224
17.01.2003,31.8071
16.01.2003,31.8139
15.01.2003,31.835
14.01.2003,31.8253
13.01.2003,31.882
11.01.2003,31.8327
10.01.2003,31.882
9.01.2003,31.8846
6.01.2003,31.7844
5.01.2003,31.7844
1.01.2003,31.7844
31.12.2002,31.7844
28.12.2002,31.7844
27.12.2002,31.791
26.12.2002,31.7919
25.12.2002,31.7919
24.12.2002,31.7966
21.12.2002,31.845
20.12.2002,31.8542
19.12.2002,31.8574
18.12.2002,31.8588
17.12.2002,31.8527
16.12.2002,31.86
12.12.2002,31.86
11.12.2002,31.8583
10.12.2002,31.8597
9.12.2002,31.8578
7.12.2002,31.86
6.12.2002,31.8578
5.12.2002,31.8596
4.12.2002,31.8584
3.12.2002,31.8547
2.12.2002,31.84
30.11.2002,31.8424
29.11.2002,31.84
28.11.2002,31.84
27.11.2002,31.8382
26.11.2002,31.8416
25.11.2002,31.8248
23.11.2002,31.8222
22.11.2002,31.8248
21.11.2002,31.823
20.11.2002,31.8224
19.11.2002,31.8231
16.11.2002,31.8225
15.11.2002,31.8203
14.11.2002,31.8157
13.11.2002,31.8226
12.11.2002,31.7756
11.11.2002,31.7756
10.11.2002,31.7909
7.11.2002,31.7756
6.11.2002,31.7909
5.11.2002,31.7744
2.11.2002,31.7646
1.11.2002,31.7701
31.10.2002,31.7408
30.10.2002,31.6977
29.10.2002,31.7411
28.10.2002,31.7109
26.10.2002,31.7314
25.10.2002,31.7109
24.10.2002,31.7159
23.10.2002,31.7272
22.10.2002,31.6973
19.10.2002,31.6727
18.10.2002,31.6761
17.10.2002,31.6767
16.10.2002,31.6762
15.10.2002,31.6703
12.10.2002,31.6703
11.10.2002,31.6685
10.10.2002,31.6803
9.10.2002,31.6799
8.10.2002,31.6795
5.10.2002,31.68
4.10.2002,31.6809
3.10.2002,31.6982
2.10.2002,31.6919
1.10.2002,31.6827
28.09.2002,31.6358
27.09.2002,31.635
26.09.2002,31.6382
25.09.2002,31.6354
24.09.2002,31.6325
21.09.2002,31.6379
20.09.2002,31.6425
19.09.2002,31.6251
18.09.2002,31.6244
17.09.2002,31.6297
14.09.2002,31.6415
13.09.2002,31.6493
12.09.2002,31.6409
11.09.2002,31.6302
10.09.2002,31.6268
7.09.2002,31.6123
6.09.2002,31.6113
5.09.2002,31.6117
4.09.2002,31.6053
3.09.2002,31.5673
31.08.2002,31.5673
30.08.2002,31.5744
29.08.2002,31.5752
28.08.2002,31.5542
27.08.2002,31.5803
24.08.2002,31.5725
23.08.2002,31.5711
22.08.2002,31.5735
21.08.2002,31.565
20.08.2002,31.555
17.08.2002,31.5668
16.08.2002,31.5608
15.08.2002,31.5405
14.08.2002,31.5321
13.08.2002,31.5612
10.08.2002,31.5828
9.08.2002,31.5581
8.08.2002,31.5542
7.08.2002,31.5324
6.08.2002,31.5409
3.08.2002,31.5502
2.08.2002,31.5238
1.08.2002,31.4568
31.07.2002,31.4401
30.07.2002,31.4701
27.07.2002,31.5069
26.07.2002,31.5333
25.07.2002,31.5035
24.07.2002,31.5015
23.07.2002,31.5056
20.07.2002,31.5332
19.07.2002,31.5394
18.07.2002,31.5395
17.07.2002,31.4779
16.07.2002,31.4948
13.07.2002,31.5555
12.07.2002,31.5437
11.07.2002,31.5476
10.07.2002,31.5533
9.07.2002,31.53
6.07.2002,31.5156
5.07.2002,31.5128
4.07.2002,31.5128
3.07.2002,31.5124
2.07.2002,31.5002
29.06.2002,31.4471
28.06.2002,31.439
27.06.2002,31.4608
26.06.2002,31.4758
25.06.2002,31.4725
22.06.2002,31.4531
21.06.2002,31.437
20.06.2002,31.4337
19.06.2002,31.4115
18.06.2002,31.3903
15.06.2002,31.3965
14.06.2002,31.3958
12.06.2002,31.3928
11.06.2002,31.4046
8.06.2002,31.397
7.06.2002,31.3924
6.06.2002,31.3521
5.06.2002,31.3272
4.06.2002,31.3136
1.06.2002,31.3058
31.05.2002,31.3071
30.05.2002,31.3071
29.05.2002,31.3043
28.05.2002,31.285
25.05.2002,31.285
24.05.2002,31.275
23.05.2002,31.2652
22.05.2002,31.255
21.05.2002,31.2551
19.05.2002,31.2553
18.05.2002,31.2553
17.05.2002,31.2554
16.05.2002,31.2468
15.05.2002,31.2453
14.05.2002,31.2471
9.05.2002,31.2119
8.05.2002,31.1951
7.05.2002,31.1967
1.05.2002,31.1951
30.04.2002,31.1963
28.04.2002,31.1977
27.04.2002,31.1977
26.04.2002,31.1783
25.04.2002,31.1579
24.04.2002,31.1498
23.04.2002,31.1516
20.04.2002,31.1711
19.04.2002,31.1649
18.04.2002,31.1517
17.04.2002,31.1498
16.04.2002,31.1522
13.04.2002,31.1734
12.04.2002,31.1982
11.04.2002,31.1679
10.04.2002,31.1644
9.04.2002,31.1893
6.04.2002,31.182
5.04.2002,31.184
4.04.2002,31.1933
3.04.2002,31.1733
2.04.2002,31.1741
30.03.2002,31.1192
29.03.2002,31.0686
28.03.2002,31.1147
27.03.2002,31.1353
26.03.2002,31.151
23.03.2002,31.1168
22.03.2002,31.1276
21.03.2002,31.1325
20.03.2002,31.1248
19.03.2002,31.1119
16.03.2002,31.071
15.03.2002,31.0237
14.03.2002,31.0758
13.03.2002,31.0545
12.03.2002,31.0632
8.03.2002,30.9946
7.03.2002,30.9946
6.03.2002,30.9909
5.03.2002,30.9949
2.03.2002,30.9436
1.03.2002,30.9404
28.02.2002,30.9274
27.02.2002,30.8949
23.02.2002,30.8409
22.02.2002,30.858
21.02.2002,30.884
20.02.2002,30.8949
19.02.2002,30.8206
16.02.2002,30.8206
15.02.2002,30.8281
14.02.2002,30.8438
13.02.2002,30.8421
12.02.2002,30.8163
9.02.2002,30.7644
8.02.2002,30.7236
7.02.2002,30.7318
6.02.2002,30.7246
5.02.2002,30.7299
2.02.2002,30.6827
1.02.2002,30.6797
31.01.2002,30.685
30.01.2002,30.654
29.01.2002,30.6623
26.01.2002,30.5949
25.01.2002,30.538
24.01.2002,30.5596
23.01.2002,30.5572
22.01.2002,30.5788
19.01.2002,30.5788
18.01.2002,30.5798
17.01.2002,30.4778
16.01.2002,30.4751
15.01.2002,30.4491
12.01.2002,30.4399
11.01.2002,30.4999
10.01.2002,30.5753
9.01.2002,30.1372
5.01.2002,30.1372
4.01.2002,30.1372
1.01.2002,30.1372
28.12.2001,30.14
27.12.2001,30.21
26.12.2001,30.12
25.12.2001,30.12
22.12.2001,30.08
21.12.2001,30.26
20.12.2001,30.28
19.12.2001,30.28
18.12.2001,30.3
15.12.2001,30.18
14.12.2001,30.19
12.12.2001,30.08
11.12.2001,30.09
8.12.2001,29.95
7.12.2001,29.92
6.12.2001,29.94
5.12.2001,29.93
4.12.2001,29.93
1.12.2001,29.9
30.11.2001,29.9
29.11.2001,29.93
28.11.2001,29.93
27.11.2001,29.93
24.11.2001,29.93
23.11.2001,29.9
22.11.2001,29.9
21.11.2001,29.91
20.11.2001,29.8
17.11.2001,29.78
16.11.2001,29.76
15.11.2001,29.72
14.11.2001,29.72
13.11.2001,29.71
10.11.2001,29.71
9.11.2001,29.68
7.11.2001,29.68
6.11.2001,29.74
3.11.2001,29.73
2.11.2001,29.7
1.11.2001,29.68
31.10.2001,29.7
30.10.2001,29.68
27.10.2001,29.63
26.10.2001,29.59
25.10.2001,29.57
24.10.2001,29.54
23.10.2001,29.54
20.10.2001,29.55
19.10.2001,29.55
18.10.2001,29.54
17.10.2001,29.49
16.10.2001,29.51
13.10.2001,29.5
12.10.2001,29.53
11.10.2001,29.5
10.10.2001,29.52
9.10.2001,29.52
6.10.2001,29.52
5.10.2001,29.5
4.10.2001,29.48
3.10.2001,29.45
2.10.2001,29.43
29.09.2001,29.39
28.09.2001,29.4
27.09.2001,29.4
26.09.2001,29.43
25.09.2001,29.42
22.09.2001,29.4
21.09.2001,29.43
20.09.2001,29.45
19.09.2001,29.43
18.09.2001,29.44
15.09.2001,29.45
14.09.2001,29.47
13.09.2001,29.45
12.09.2001,29.44
11.09.2001,29.43
8.09.2001,29.43
7.09.2001,29.45
6.09.2001,29.45
5.09.2001,29.45
4.09.2001,29.41
1.09.2001,29.41
31.08.2001,29.37
30.08.2001,29.36
29.08.2001,29.36
28.08.2001,29.35
25.08.2001,29.37
24.08.2001,29.37
23.08.2001,29.35
22.08.2001,29.35
21.08.2001,29.37
18.08.2001,29.36
17.08.2001,29.35
16.08.2001,29.34
15.08.2001,29.33
14.08.2001,29.31
11.08.2001,29.34
10.08.2001,29.34
9.08.2001,29.31
8.08.2001,29.31
7.08.2001,29.34
4.08.2001,29.36
3.08.2001,29.33
2.08.2001,29.3
1.08.2001,29.32
31.07.2001,29.27
28.07.2001,29.25
27.07.2001,29.23
26.07.2001,29.25
25.07.2001,29.28
24.07.2001,29.25
21.07.2001,29.28
20.07.2001,29.27
19.07.2001,29.24
18.07.2001,29.21
17.07.2001,29.23
14.07.2001,29.2
13.07.2001,29.21
12.07.2001,29.2
11.07.2001,29.23
10.07.2001,29.22
7.07.2001,29.17
6.07.2001,29.17
5.07.2001,29.18
4.07.2001,29.18
3.07.2001,29.16
30.06.2001,29.07
29.06.2001,29.11
28.06.2001,29.12
27.06.2001,29.09
26.06.2001,29.1
23.06.2001,29.1
22.06.2001,29.08
21.06.2001,29.14
20.06.2001,29.09
19.06.2001,29.05
16.06.2001,29.07
15.06.2001,29.08
14.06.2001,29.12
10.06.2001,29.13
9.06.2001,29.13
8.06.2001,29.16
7.06.2001,29.16
6.06.2001,29.16
5.06.2001,29.16
2.06.2001,29.15
1.06.2001,29.14
31.05.2001,29.09
30.05.2001,29.1
29.05.2001,29.07
26.05.2001,29.07
25.05.2001,29.08
24.05.2001,29.07
23.05.2001,29.08
22.05.2001,29.09
19.05.2001,29.09
18.05.2001,29.07
17.05.2001,29.02
16.05.2001,29.04
15.05.2001,28.99
12.05.2001,28.96
11.05.2001,28.95
9.05.2001,28.96
8.05.2001,28.96
5.05.2001,28.96
4.05.2001,28.88
29.04.2001,28.83
28.04.2001,28.83
27.04.2001,28.86
26.04.2001,28.9
25.04.2001,28.85
24.04.2001,28.84
21.04.2001,28.88
20.04.2001,28.9
19.04.2001,28.87
18.04.2001,28.86
17.04.2001,28.85
14.04.2001,28.82
13.04.2001,28.86
12.04.2001,28.87
11.04.2001,28.79
10.04.2001,28.84
7.04.2001,28.86
6.04.2001,28.86
5.04.2001,28.86
4.04.2001,28.86
3.04.2001,28.77
31.03.2001,28.74
30.03.2001,28.76
29.03.2001,28.76
28.03.2001,28.73
27.03.2001,28.76
24.03.2001,28.76
23.03.2001,28.76
22.03.2001,28.65
21.03.2001,28.62
20.03.2001,28.65
17.03.2001,28.66
16.03.2001,28.66
15.03.2001,28.66
14.03.2001,28.65
13.03.2001,28.67
12.03.2001,28.62
8.03.2001,28.62
7.03.2001,28.63
6.03.2001,28.66
3.03.2001,28.65
2.03.2001,28.62
1.03.2001,28.62
28.02.2001,28.72
27.02.2001,28.76
24.02.2001,28.68
23.02.2001,28.61
22.02.2001,28.65
21.02.2001,28.69
20.02.2001,28.66
17.02.2001,28.66
16.02.2001,28.68
15.02.2001,28.67
14.02.2001,28.68
13.02.2001,28.68
10.02.2001,28.59
9.02.2001,28.5
8.02.2001,28.47
7.02.2001,28.45
6.02.2001,28.44
3.02.2001,28.45
2.02.2001,28.44
1.02.2001,28.4
31.01.2001,28.37
30.01.2001,28.36
27.01.2001,28.36
26.01.2001,28.4
25.01.2001,28.39
24.01.2001,28.39
23.01.2001,28.37
20.01.2001,28.34
19.01.2001,28.36
18.01.2001,28.39
17.01.2001,28.32
16.01.2001,28.35
13.01.2001,28.35
12.01.2001,28.39
11.01.2001,28.38
10.01.2001,28.39
6.01.2001,28.43
5.01.2001,28.48
4.01.2001,28.16
30.12.2000,28.16
29.12.2000,28.16
28.12.2000,28.16
27.12.2000,28.07
26.12.2000,27.97
23.12.2000,27.97
22.12.2000,27.96
21.12.2000,27.96
20.12.2000,27.95
19.12.2000,27.95
16.12.2000,27.97
15.12.2000,27.92
14.12.2000,27.97
10.12.2000,27.95
9.12.2000,27.95
8.12.2000,27.93
7.12.2000,27.93
6.12.2000,27.95
5.12.2000,27.91
2.12.2000,27.89
1.12.2000,27.89
30.11.2000,27.85
29.11.2000,27.86
28.11.2000,27.86
25.11.2000,27.88
24.11.2000,27.85
23.11.2000,27.85
22.11.2000,27.83
21.11.2000,27.83
18.11.2000,27.81
17.11.2000,27.76
16.11.2000,27.67
15.11.2000,27.7
14.11.2000,27.77
11.11.2000,27.78
10.11.2000,27.72
9.11.2000,27.79
5.11.2000,27.81
4.11.2000,27.81
3.11.2000,27.84
2.11.2000,27.86
1.11.2000,27.82
31.10.2000,27.83
28.10.2000,27.89
27.10.2000,27.92
26.10.2000,27.87
25.10.2000,27.91
24.10.2000,27.93
21.10.2000,27.93
20.10.2000,27.93
19.10.2000,27.87
18.10.2000,27.8
17.10.2000,27.83
14.10.2000,27.9
13.10.2000,27.91
12.10.2000,27.86
11.10.2000,27.94
10.10.2000,27.88
7.10.2000,27.88
6.10.2000,27.86
5.10.2000,27.81
4.10.2000,27.76
3.10.2000,27.76
30.09.2000,27.75
29.09.2000,27.75
28.09.2000,27.81
27.09.2000,27.82
26.09.2000,27.85
23.09.2000,27.79
22.09.2000,27.82
21.09.2000,27.82
20.09.2000,27.77
19.09.2000,27.73
16.09.2000,27.73
15.09.2000,27.78
14.09.2000,27.82
13.09.2000,27.82
12.09.2000,27.84
9.09.2000,27.86
8.09.2000,27.84
7.09.2000,27.88
6.09.2000,27.84
5.09.2000,27.75
2.09.2000,27.75
1.09.2000,27.75
31.08.2000,27.75
30.08.2000,27.75
29.08.2000,27.7
26.08.2000,27.7
25.08.2000,27.7
24.08.2000,27.71
23.08.2000,27.71
22.08.2000,27.71
19.08.2000,27.73
18.08.2000,27.73
17.08.2000,27.73
16.08.2000,27.74
15.08.2000,27.69
12.08.2000,27.69
11.08.2000,27.7
10.08.2000,27.7
9.08.2000,27.73
8.08.2000,27.73
5.08.2000,27.77
4.08.2000,27.8
3.08.2000,27.83
2.08.2000,27.85
1.08.2000,27.82
29.07.2000,27.8
28.07.2000,27.7
27.07.2000,27.64
26.07.2000,27.64
25.07.2000,27.64
22.07.2000,27.64
21.07.2000,27.66
20.07.2000,27.75
19.07.2000,27.81
18.07.2000,27.83
15.07.2000,27.85
14.07.2000,27.87
13.07.2000,27.9
12.07.2000,27.92
11.07.2000,27.97
8.07.2000,27.99
7.07.2000,28.01
6.07.2000,28.03
5.07.2000,28.03
4.07.2000,28.03
1.07.2000,28.05
30.06.2000,28.07
29.06.2000,28.09
28.06.2000,28.11
27.06.2000,28.13
24.06.2000,28.17
23.06.2000,28.19
22.06.2000,28.22
21.06.2000,28.23
20.06.2000,28.24
17.06.2000,28.26
16.06.2000,28.29
15.06.2000,28.33
14.06.2000,28.43
10.06.2000,28.25
9.06.2000,28.27
8.06.2000,28.3
7.06.2000,28.32
6.06.2000,28.34
3.06.2000,28.34
2.06.2000,28.25
1.06.2000,28.23
31.05.2000,28.25
30.05.2000,28.27
27.05.2000,28.27
26.05.2000,28.28
25.05.2000,28.28
24.05.2000,28.29
23.05.2000,28.3
20.05.2000,28.31
19.05.2000,28.33
18.05.2000,28.27
17.05.2000,28.27
16.05.2000,28.28
13.05.2000,28.3
12.05.2000,28.32
11.05.2000,28.34
7.05.2000,28.36
6.05.2000,28.36
5.05.2000,28.36
4.05.2000,28.38
29.04.2000,28.4
28.04.2000,28.43
27.04.2000,28.46
26.04.2000,28.53
25.04.2000,28.53
22.04.2000,28.55
21.04.2000,28.59
20.04.2000,28.62
19.04.2000,28.78
18.04.2000,28.6
15.04.2000,28.5
14.04.2000,28.53
13.04.2000,28.56
12.04.2000,28.59
11.04.2000,28.63
8.04.2000,28.66
7.04.2000,28.68
6.04.2000,28.72
5.04.2000,28.76
4.04.2000,28.78
1.04.2000,28.6
31.03.2000,28.46
30.03.2000,28.27
29.03.2000,28.29
28.03.2000,28.31
25.03.2000,28.33
24.03.2000,28.34
23.03.2000,28.36
22.03.2000,28.38
21.03.2000,28.39
18.03.2000,28.41
17.03.2000,28.43
16.03.2000,28.46
15.03.2000,28.49
14.03.2000,28.5
11.03.2000,28.51
10.03.2000,28.53
8.03.2000,28.55
7.03.2000,28.58
4.03.2000,28.59
3.03.2000,28.6
2.03.2000,28.64
1.03.2000,28.65
29.02.2000,28.66
26.02.2000,28.7
25.02.2000,28.8
24.02.2000,28.83
23.02.2000,28.87
22.02.2000,28.74
19.02.2000,28.74
18.02.2000,28.79
17.02.2000,28.71
16.02.2000,28.72
15.02.2000,28.77
12.02.2000,28.77
11.02.2000,28.66
10.02.2000,28.69
9.02.2000,28.72
8.02.2000,28.76
5.02.2000,28.77
4.02.2000,28.77
3.02.2000,28.64
2.02.2000,28.55
1.02.2000,28.55
29.01.2000,28.55
28.01.2000,28.55
27.01.2000,28.55
26.01.2000,28.49
25.01.2000,28.44
22.01.2000,28.44
21.01.2000,28.51
20.01.2000,28.52
19.01.2000,28.57
18.01.2000,28.57
15.01.2000,28.57
14.01.2000,28.65
13.01.2000,28.85
12.01.2000,28.44
11.01.2000,27.73
7.01.2000,27.23
6.01.2000,26.9
1.01.2000,27
30.12.1999,27
29.12.1999,27
28.12.1999,26.95
25.12.1999,26.76
24.12.1999,26.72
23.12.1999,26.74
22.12.1999,26.71
21.12.1999,26.72
18.12.1999,26.77
17.12.1999,26.77
16.12.1999,26.8
15.12.1999,26.82
11.12.1999,26.83
10.12.1999,26.87
9.12.1999,26.87
8.12.1999,26.82
7.12.1999,26.84
4.12.1999,26.74
3.12.1999,26.68
2.12.1999,26.75
1.12.1999,26.53
30.11.1999,26.42
27.11.1999,26.43
26.11.1999,26.43
25.11.1999,26.43
24.11.1999,26.47
23.11.1999,26.49
20.11.1999,26.39
19.11.1999,26.41
18.11.1999,26.32
17.11.1999,26.24
16.11.1999,26.24
13.11.1999,26.31
12.11.1999,26.11
11.11.1999,26.11
10.11.1999,26.19
6.11.1999,26.23
5.11.1999,26.24
4.11.1999,26.26
3.11.1999,26.37
2.11.1999,26.07
30.10.1999,26.05
29.10.1999,26.09
28.10.1999,25.8
27.10.1999,25.68
26.10.1999,25.71
23.10.1999,25.76
22.10.1999,25.79
21.10.1999,25.83
20.10.1999,25.83
19.10.1999,25.88
16.10.1999,25.8
15.10.1999,25.67
14.10.1999,25.7
13.10.1999,25.74
12.10.1999,25.76
9.10.1999,25.76
8.10.1999,25.72
7.10.1999,25.78
6.10.1999,25.9
5.10.1999,25.49
2.10.1999,25.2
1.10.1999,25.05
30.09.1999,25.08
29.09.1999,25.22
28.09.1999,25.27
25.09.1999,25.28
24.09.1999,25.29
23.09.1999,25.31
22.09.1999,25.34
21.09.1999,25.4
18.09.1999,25.41
17.09.1999,25.4
16.09.1999,25.48
15.09.1999,25.53
14.09.1999,25.54
11.09.1999,25.7
10.09.1999,25.71
9.09.1999,25.73
8.09.1999,25.79
7.09.1999,25.82
4.09.1999,25.82
3.09.1999,25.87
2.09.1999,25.22
1.09.1999,24.81
31.08.1999,24.75
28.08.1999,24.75
27.08.1999,24.75
26.08.1999,24.75
25.08.1999,24.76
24.08.1999,24.8
21.08.1999,24.82
20.08.1999,24.6
19.08.1999,24.62
18.08.1999,24.76
17.08.1999,24.86
14.08.1999,24.88
13.08.1999,24.9
12.08.1999,24.96
11.08.1999,25.01
10.08.1999,25.29
7.08.1999,24.55
6.08.1999,24.4
5.08.1999,24.3
4.08.1999,24.22
3.08.1999,24.19
31.07.1999,24.19
30.07.1999,24.21
29.07.1999,24.22
28.07.1999,24.22
27.07.1999,24.22
24.07.1999,24.23
23.07.1999,24.24
22.07.1999,24.26
21.07.1999,24.28
20.07.1999,24.3
17.07.1999,24.32
16.07.1999,24.34
15.07.1999,24.36
14.07.1999,24.38
13.07.1999,24.4
10.07.1999,24.42
9.07.1999,24.44
8.07.1999,24.46
7.07.1999,24.48
6.07.1999,24.29
3.07.1999,24.29
2.07.1999,24.21
1.07.1999,24.21
30.06.1999,24.22
29.06.1999,24.22
26.06.1999,24.22
25.06.1999,24.22
24.06.1999,24.23
23.06.1999,24.23
22.06.1999,24.23
19.06.1999,24.23
18.06.1999,24.23
17.06.1999,24.23
16.06.1999,24.25
12.06.1999,24.27
11.06.1999,24.29
10.06.1999,24.31
9.06.1999,24.33
8.06.1999,24.34
5.06.1999,24.36
4.06.1999,24.38
3.06.1999,24.4
2.06.1999,24.43
1.06.1999,24.44
29.05.1999,24.44
28.05.1999,24.46
27.05.1999,24.5
26.05.1999,24.55
25.05.1999,24.6
22.05.1999,24.65
21.05.1999,24.7
20.05.1999,24.75
19.05.1999,24.79
18.05.1999,24.86
15.05.1999,24.92
14.05.1999,24.69
13.05.1999,23.99
12.05.1999,24
8.05.1999,24.04
7.05.1999,24.07
6.05.1999,24.09
1.05.1999,24.16
30.04.1999,24.23
29.04.1999,24.31
28.04.1999,24.4
27.04.1999,24.53
24.04.1999,24.62
23.04.1999,24.67
22.04.1999,24.72
21.04.1999,24.77
20.04.1999,24.78
17.04.1999,24.77
16.04.1999,24.8
15.04.1999,24.85
14.04.1999,24.9
13.04.1999,24.96
10.04.1999,25.03
9.04.1999,25.09
8.04.1999,25.12
7.04.1999,25.1
6.04.1999,25.11
3.04.1999,24.83
2.04.1999,24.29
1.04.1999,24.16
31.03.1999,24.18
30.03.1999,24.2
27.03.1999,24.19
26.03.1999,24.18
25.03.1999,24.22
24.03.1999,24.29
23.03.1999,23.92
20.03.1999,23.68
19.03.1999,23.65
18.03.1999,23.41
17.03.1999,23.35
16.03.1999,23.26
13.03.1999,23.12
12.03.1999,23.04
11.03.1999,22.98
10.03.1999,23.03
6.03.1999,23.09
5.03.1999,23.01
4.03.1999,22.93
3.03.1999,22.89
2.03.1999,22.89
27.02.1999,22.86
26.02.1999,22.84
25.02.1999,22.82
24.02.1999,22.8
23.02.1999,22.84
20.02.1999,22.84
19.02.1999,22.92
18.02.1999,22.87
17.02.1999,23.11
16.02.1999,22.84
13.02.1999,22.89
12.02.1999,22.79
11.02.1999,22.76
10.02.1999,22.9
9.02.1999,23.05
6.02.1999,23.12
5.02.1999,23.14
4.02.1999,23.12
3.02.1999,22.92
2.02.1999,22.77
30.01.1999,22.6
29.01.1999,22.77
28.01.1999,22.67
27.01.1999,22.82
26.01.1999,22.95
23.01.1999,22.75
22.01.1999,22.73
21.01.1999,22.39
20.01.1999,22.98
19.01.1999,22.37
16.01.1999,21.88
15.01.1999,21.45
14.01.1999,21.8
13.01.1999,22.58
12.01.1999,23.06
11.01.1999,22.4
7.01.1999,21.91
6.01.1999,20.65
1.01.1999,20.65
31.12.1998,20.65
30.12.1998,20.62
29.12.1998,20.99
26.12.1998,19.48
25.12.1998,19.87
24.12.1998,20.51
23.12.1998,20.64
22.12.1998,20.9
19.12.1998,20.75
18.12.1998,20.7
17.12.1998,20.62
16.12.1998,20.26
12.12.1998,20.1
11.12.1998,19.76
10.12.1998,20.08
9.12.1998,20.43
8.12.1998,20.4
5.12.1998,19.57
4.12.1998,18.83
3.12.1998,18.56
2.12.1998,18.25
1.12.1998,17.88
28.11.1998,17.88
27.11.1998,17.45
26.11.1998,17.47
25.11.1998,17.45
24.11.1998,17.17
21.11.1998,16.96
20.11.1998,17.2
19.11.1998,16.98
18.11.1998,16.99
17.11.1998,16.8
14.11.1998,16.41
13.11.1998,15.93
12.11.1998,15.58
11.11.1998,15.56
7.11.1998,15.01
6.11.1998,15.24
5.11.1998,15.54
4.11.1998,15.57
3.11.1998,15.82
31.10.1998,16.01
30.10.1998,16.06
29.10.1998,16.33
28.10.1998,16.67
27.10.1998,16.69
24.10.1998,16.69
23.10.1998,16.76
22.10.1998,16.83
21.10.1998,16.93
20.10.1998,17.09
17.10.1998,15.51
16.10.1998,13.56
15.10.1998,13
14.10.1998,15.05
13.10.1998,15.79
10.10.1998,15.84
9.10.1998,15.82
8.10.1998,15.81
7.10.1998,15.8
6.10.1998,15.7944
3.10.1998,15.9706
2.10.1998,15.9923
1.10.1998,15.9056
30.09.1998,16.0645
29.09.1998,15.9932
26.09.1998,15.8827
25.09.1998,15.6099
24.09.1998,15.8378
23.09.1998,16.217
22.09.1998,16.3818
19.09.1998,16.3818
18.09.1998,14.6
17.09.1998,12.4509
16.09.1998,9.6117
15.09.1998,8.6707
12.09.1998,11.4281
11.09.1998,12.8749
10.09.1998,15.7724
9.09.1998,20.825
8.09.1998,18.9
5.09.1998,16.99
4.09.1998,13.4608
3.09.1998,12.8198
2.09.1998,10.8833
1.09.1998,9.3301
29.08.1998,7.905
28.08.1998,7.86
27.08.1998,7.86
26.08.1998,7.86
25.08.1998,7.14
22.08.1998,7.005
21.08.1998,6.995
20.08.1998,6.99
19.08.1998,6.885
18.08.1998,6.43
15.08.1998,6.29
14.08.1998,6.2725
13.08.1998,6.2685
12.08.1998,6.265
11.08.1998,6.262
8.08.1998,6.2585
7.08.1998,6.255
6.08.1998,6.252
5.08.1998,6.249
4.08.1998,6.244
1.08.1998,6.241
31.07.1998,6.238
30.07.1998,6.235
29.07.1998,6.232
28.07.1998,6.229
25.07.1998,6.2255
24.07.1998,6.223
23.07.1998,6.222
22.07.1998,6.221
21.07.1998,6.22
18.07.1998,6.219
17.07.1998,6.216
16.07.1998,6.214
15.07.1998,6.213
14.07.1998,6.212
11.07.1998,6.212
10.07.1998,6.211
9.07.1998,6.209
8.07.1998,6.209
7.07.1998,6.207
4.07.1998,6.205
3.07.1998,6.203
2.07.1998,6.202
1.07.1998,6.2
30.06.1998,6.198
27.06.1998,6.196
26.06.1998,6.194
25.06.1998,6.192
24.06.1998,6.1905
23.06.1998,6.1885
20.06.1998,6.187
19.06.1998,6.1855
18.06.1998,6.1845
17.06.1998,6.183
16.06.1998,6.18
12.06.1998,6.174
11.06.1998,6.172
10.06.1998,6.171
9.06.1998,6.17
6.06.1998,6.169
5.06.1998,6.1685
4.06.1998,6.1675
3.06.1998,6.166
2.06.1998,6.165
30.05.1998,6.164
29.05.1998,6.166
28.05.1998,6.162
27.05.1998,6.16
26.05.1998,6.158
23.05.1998,6.158
22.05.1998,6.1575
21.05.1998,6.156
20.05.1998,6.155
19.05.1998,6.1465
16.05.1998,6.1455
15.05.1998,6.144
14.05.1998,6.143
13.05.1998,6.1415
9.05.1998,6.1395
8.05.1998,6.138
7.05.1998,6.136
6.05.1998,6.135
1.05.1998,6.134
30.04.1998,6.133
29.04.1998,6.132
28.04.1998,6.131
25.04.1998,6.131
24.04.1998,6.13
23.04.1998,6.13
22.04.1998,6.131
21.04.1998,6.13
18.04.1998,6.129
17.04.1998,6.128
16.04.1998,6.127
15.04.1998,6.126
14.04.1998,6.1245
11.04.1998,6.1225
10.04.1998,6.121
9.04.1998,6.119
8.04.1998,6.118
7.04.1998,6.116
4.04.1998,6.114
3.04.1998,6.112
2.04.1998,6.11
1.04.1998,6.108
31.03.1998,6.106
28.03.1998,6.104
27.03.1998,6.102
26.03.1998,6.1005
25.03.1998,6.099
24.03.1998,6.097
21.03.1998,6.096
20.03.1998,6.094
19.03.1998,6.093
18.03.1998,6.091
17.03.1998,6.09
14.03.1998,6.088
13.03.1998,6.086
12.03.1998,6.084
11.03.1998,6.083
7.03.1998,6.081
6.03.1998,6.079
5.03.1998,6.077
4.03.1998,6.075
3.03.1998,6.073
28.02.1998,6.072
27.02.1998,6.07
26.02.1998,6.068
25.02.1998,6.066
24.02.1998,6.064
21.02.1998,6.062
20.02.1998,6.059
19.02.1998,6.057
18.02.1998,6.054
17.02.1998,6.052
14.02.1998,6.05
13.02.1998,6.047
12.02.1998,6.045
11.02.1998,6.043
10.02.1998,6.041
7.02.1998,6.038
6.02.1998,6.036
5.02.1998,6.033
4.02.1998,6.031
3.02.1998,6.029
31.01.1998,6.026
30.01.1998,6.025
29.01.1998,6.023
28.01.1998,6.021
27.01.1998,6.02
24.01.1998,6.02
23.01.1998,6.015
22.01.1998,6.005
21.01.1998,6.001
20.01.1998,6.0005
17.01.1998,5.9975
16.01.1998,5.995
15.01.1998,5.99
14.01.1998,5.98
13.01.1998,5.976
10.01.1998,5.974
9.01.1998,5.972
7.01.1998,5.969
6.01.1998,5.963
1.01.1998,5.96
