<DATE>,<CLOSE>
19980101,5.96
19980102,5.96
19980103,5.96
19980104,5.96
19980105,5.96
19980106,5.963
19980107,5.969
19980108,5.969
19980109,5.972
19980110,5.974
19980111,5.974
19980112,5.974
19980113,5.976
19980114,5.98
19980115,5.99
19980116,5.995
19980117,5.9975
19980118,5.9975
19980119,5.9975
19980120,6.0005
19980121,6.001
19980122,6.005
19980123,6.015
19980124,6.02
19980125,6.02
19980126,6.02
19980127,6.02
19980128,6.021
19980129,6.023
19980130,6.025
19980131,6.026
19980201,6.026
19980202,6.026
19980203,6.029
19980204,6.031
19980205,6.033
19980206,6.036
19980207,6.038
19980208,6.038
19980209,6.038
19980210,6.041
19980211,6.043
19980212,6.045
19980213,6.047
19980214,6.05
19980215,6.05
19980216,6.05
19980217,6.052
19980218,6.054
19980219,6.057
19980220,6.059
19980221,6.062
19980222,6.062
19980223,6.062
19980224,6.064
19980225,6.066
19980226,6.068
19980227,6.07
19980228,6.072
19980301,6.072
19980302,6.072
19980303,6.073
19980304,6.075
19980305,6.077
19980306,6.079
19980307,6.081
19980308,6.081
19980309,6.081
19980310,6.081
19980311,6.083
19980312,6.084
19980313,6.086
19980314,6.088
19980315,6.088
19980316,6.088
19980317,6.09
19980318,6.091
19980319,6.093
19980320,6.094
19980321,6.096
19980322,6.096
19980323,6.096
19980324,6.097
19980325,6.099
19980326,6.1005
19980327,6.102
19980328,6.104
19980329,6.104
19980330,6.104
19980331,6.106
19980401,6.108
19980402,6.11
19980403,6.112
19980404,6.114
19980405,6.114
19980406,6.114
19980407,6.116
19980408,6.118
19980409,6.119
19980410,6.121
19980411,6.1225
19980412,6.1225
19980413,6.1225
19980414,6.1245
19980415,6.126
19980416,6.127
19980417,6.128
19980418,6.129
19980419,6.129
19980420,6.129
19980421,6.13
19980422,6.131
19980423,6.13
19980424,6.13
19980425,6.131
19980426,6.131
19980427,6.131
19980428,6.131
19980429,6.132
19980430,6.133
19980501,6.134
19980502,6.134
19980503,6.134
19980504,6.134
19980505,6.134
19980506,6.135
19980507,6.136
19980508,6.138
19980509,6.1395
19980510,6.1395
19980511,6.1395
19980512,6.1395
19980513,6.1415
19980514,6.143
19980515,6.144
19980516,6.1455
19980517,6.1455
19980518,6.1455
19980519,6.1465
19980520,6.155
19980521,6.156
19980522,6.1575
19980523,6.158
19980524,6.158
19980525,6.158
19980526,6.158
19980527,6.16
19980528,6.162
19980529,6.166
19980530,6.164
19980531,6.164
19980601,6.164
19980602,6.165
19980603,6.166
19980604,6.1675
19980605,6.1685
19980606,6.169
19980607,6.169
19980608,6.169
19980609,6.17
19980610,6.171
19980611,6.172
19980612,6.174
19980613,6.174
19980614,6.174
19980615,6.174
19980616,6.18
19980617,6.183
19980618,6.1845
19980619,6.1855
19980620,6.187
19980621,6.187
19980622,6.187
19980623,6.1885
19980624,6.1905
19980625,6.192
19980626,6.194
19980627,6.196
19980628,6.196
19980629,6.196
19980630,6.198
19980701,6.2
19980702,6.202
19980703,6.203
19980704,6.205
19980705,6.205
19980706,6.205
19980707,6.207
19980708,6.209
19980709,6.209
19980710,6.211
19980711,6.212
19980712,6.212
19980713,6.212
19980714,6.212
19980715,6.213
19980716,6.214
19980717,6.216
19980718,6.219
19980719,6.219
19980720,6.219
19980721,6.22
19980722,6.221
19980723,6.222
19980724,6.223
19980725,6.2255
19980726,6.2255
19980727,6.2255
19980728,6.229
19980729,6.232
19980730,6.235
19980731,6.238
19980801,6.241
19980802,6.241
19980803,6.241
19980804,6.244
19980805,6.249
19980806,6.252
19980807,6.255
19980808,6.2585
19980809,6.2585
19980810,6.2585
19980811,6.262
19980812,6.265
19980813,6.2685
19980814,6.2725
19980815,6.29
19980816,6.29
19980817,6.29
19980818,6.43
19980819,6.885
19980820,6.99
19980821,6.995
19980822,7.005
19980823,7.005
19980824,7.005
19980825,7.14
19980826,7.86
19980827,7.86
19980828,7.86
19980829,7.905
19980830,7.905
19980831,7.905
19980901,9.3301
19980902,10.8833
19980903,12.8198
19980904,13.4608
19980905,16.99
19980906,16.99
19980907,16.99
19980908,18.9
19980909,20.825
19980910,15.7724
19980911,12.8749
19980912,11.4281
19980913,11.4281
19980914,11.4281
19980915,8.6707
19980916,9.6117
19980917,12.4509
19980918,14.6
19980919,16.3818
19980920,16.3818
19980921,16.3818
19980922,16.3818
19980923,16.217
19980924,15.8378
19980925,15.6099
19980926,15.8827
19980927,15.8827
19980928,15.8827
19980929,15.9932
19980930,16.0645
19981001,15.9056
19981002,15.9923
19981003,15.9706
19981004,15.9706
19981005,15.9706
19981006,15.7944
19981007,15.8
19981008,15.81
19981009,15.82
19981010,15.84
19981011,15.84
19981012,15.84
19981013,15.79
19981014,15.05
19981015,13
19981016,13.56
19981017,15.51
19981018,15.51
19981019,15.51
19981020,17.09
19981021,16.93
19981022,16.83
19981023,16.76
19981024,16.69
19981025,16.69
19981026,16.69
19981027,16.69
19981028,16.67
19981029,16.33
19981030,16.06
19981031,16.01
19981101,16.01
19981102,16.01
19981103,15.82
19981104,15.57
19981105,15.54
19981106,15.24
19981107,15.01
19981108,15.01
19981109,15.01
19981110,15.01
19981111,15.56
19981112,15.58
19981113,15.93
19981114,16.41
19981115,16.41
19981116,16.41
19981117,16.8
19981118,16.99
19981119,16.98
19981120,17.2
19981121,16.96
19981122,16.96
19981123,16.96
19981124,17.17
19981125,17.45
19981126,17.47
19981127,17.45
19981128,17.88
19981129,17.88
19981130,17.88
19981201,17.88
19981202,18.25
19981203,18.56
19981204,18.83
19981205,19.57
19981206,19.57
19981207,19.57
19981208,20.4
19981209,20.43
19981210,20.08
19981211,19.76
19981212,20.1
19981213,20.1
19981214,20.1
19981215,20.1
19981216,20.26
19981217,20.62
19981218,20.7
19981219,20.75
19981220,20.75
19981221,20.75
19981222,20.9
19981223,20.64
19981224,20.51
19981225,19.87
19981226,19.48
19981227,19.48
19981228,19.48
19981229,20.99
19981230,20.62
19981231,20.65
19990101,20.65
19990102,20.65
19990103,20.65
19990104,20.65
19990105,20.65
19990106,20.65
19990107,21.91
19990108,21.91
19990109,21.91
19990110,21.91
19990111,22.4
19990112,23.06
19990113,22.58
19990114,21.8
19990115,21.45
19990116,21.88
19990117,21.88
19990118,21.88
19990119,22.37
19990120,22.98
19990121,22.39
19990122,22.73
19990123,22.75
19990124,22.75
19990125,22.75
19990126,22.95
19990127,22.82
19990128,22.67
19990129,22.77
19990130,22.6
19990131,22.6
19990201,22.6
19990202,22.77
19990203,22.92
19990204,23.12
19990205,23.14
19990206,23.12
19990207,23.12
19990208,23.12
19990209,23.05
19990210,22.9
19990211,22.76
19990212,22.79
19990213,22.89
19990214,22.89
19990215,22.89
19990216,22.84
19990217,23.11
19990218,22.87
19990219,22.92
19990220,22.84
19990221,22.84
19990222,22.84
19990223,22.84
19990224,22.8
19990225,22.82
19990226,22.84
19990227,22.86
19990228,22.86
19990301,22.86
19990302,22.89
19990303,22.89
19990304,22.93
19990305,23.01
19990306,23.09
19990307,23.09
19990308,23.09
19990309,23.09
19990310,23.03
19990311,22.98
19990312,23.04
19990313,23.12
19990314,23.12
19990315,23.12
19990316,23.26
19990317,23.35
19990318,23.41
19990319,23.65
19990320,23.68
19990321,23.68
19990322,23.68
19990323,23.92
19990324,24.29
19990325,24.22
19990326,24.18
19990327,24.19
19990328,24.19
19990329,24.19
19990330,24.2
19990331,24.18
19990401,24.16
19990402,24.29
19990403,24.83
19990404,24.83
19990405,24.83
19990406,25.11
19990407,25.1
19990408,25.12
19990409,25.09
19990410,25.03
19990411,25.03
19990412,25.03
19990413,24.96
19990414,24.9
19990415,24.85
19990416,24.8
19990417,24.77
19990418,24.77
19990419,24.77
19990420,24.78
19990421,24.77
19990422,24.72
19990423,24.67
19990424,24.62
19990425,24.62
19990426,24.62
19990427,24.53
19990428,24.4
19990429,24.31
19990430,24.23
19990501,24.16
19990502,24.16
19990503,24.16
19990504,24.16
19990505,24.16
19990506,24.09
19990507,24.07
19990508,24.04
19990509,24.04
19990510,24.04
19990511,24.04
19990512,24
19990513,23.99
19990514,24.69
19990515,24.92
19990516,24.92
19990517,24.92
19990518,24.86
19990519,24.79
19990520,24.75
19990521,24.7
19990522,24.65
19990523,24.65
19990524,24.65
19990525,24.6
19990526,24.55
19990527,24.5
19990528,24.46
19990529,24.44
19990530,24.44
19990531,24.44
19990601,24.44
19990602,24.43
19990603,24.4
19990604,24.38
19990605,24.36
19990606,24.36
19990607,24.36
19990608,24.34
19990609,24.33
19990610,24.31
19990611,24.29
19990612,24.27
19990613,24.27
19990614,24.27
19990615,24.27
19990616,24.25
19990617,24.23
19990618,24.23
19990619,24.23
19990620,24.23
19990621,24.23
19990622,24.23
19990623,24.23
19990624,24.23
19990625,24.22
19990626,24.22
19990627,24.22
19990628,24.22
19990629,24.22
19990630,24.22
19990701,24.21
19990702,24.21
19990703,24.29
19990704,24.29
19990705,24.29
19990706,24.29
19990707,24.48
19990708,24.46
19990709,24.44
19990710,24.42
19990711,24.42
19990712,24.42
19990713,24.4
19990714,24.38
19990715,24.36
19990716,24.34
19990717,24.32
19990718,24.32
19990719,24.32
19990720,24.3
19990721,24.28
19990722,24.26
19990723,24.24
19990724,24.23
19990725,24.23
19990726,24.23
19990727,24.22
19990728,24.22
19990729,24.22
19990730,24.21
19990731,24.19
19990801,24.19
19990802,24.19
19990803,24.19
19990804,24.22
19990805,24.3
19990806,24.4
19990807,24.55
19990808,24.55
19990809,24.55
19990810,25.29
19990811,25.01
19990812,24.96
19990813,24.9
19990814,24.88
19990815,24.88
19990816,24.88
19990817,24.86
19990818,24.76
19990819,24.62
19990820,24.6
19990821,24.82
19990822,24.82
19990823,24.82
19990824,24.8
19990825,24.76
19990826,24.75
19990827,24.75
19990828,24.75
19990829,24.75
19990830,24.75
19990831,24.75
19990901,24.81
19990902,25.22
19990903,25.87
19990904,25.82
19990905,25.82
19990906,25.82
19990907,25.82
19990908,25.79
19990909,25.73
19990910,25.71
19990911,25.7
19990912,25.7
19990913,25.7
19990914,25.54
19990915,25.53
19990916,25.48
19990917,25.4
19990918,25.41
19990919,25.41
19990920,25.41
19990921,25.4
19990922,25.34
19990923,25.31
19990924,25.29
19990925,25.28
19990926,25.28
19990927,25.28
19990928,25.27
19990929,25.22
19990930,25.08
19991001,25.05
19991002,25.2
19991003,25.2
19991004,25.2
19991005,25.49
19991006,25.9
19991007,25.78
19991008,25.72
19991009,25.76
19991010,25.76
19991011,25.76
19991012,25.76
19991013,25.74
19991014,25.7
19991015,25.67
19991016,25.8
19991017,25.8
19991018,25.8
19991019,25.88
19991020,25.83
19991021,25.83
19991022,25.79
19991023,25.76
19991024,25.76
19991025,25.76
19991026,25.71
19991027,25.68
19991028,25.8
19991029,26.09
19991030,26.05
19991031,26.05
19991101,26.05
19991102,26.07
19991103,26.37
19991104,26.26
19991105,26.24
19991106,26.23
19991107,26.23
19991108,26.23
19991109,26.23
19991110,26.19
19991111,26.11
19991112,26.11
19991113,26.31
19991114,26.31
19991115,26.31
19991116,26.24
19991117,26.24
19991118,26.32
19991119,26.41
19991120,26.39
19991121,26.39
19991122,26.39
19991123,26.49
19991124,26.47
19991125,26.43
19991126,26.43
19991127,26.43
19991128,26.43
19991129,26.43
19991130,26.42
19991201,26.53
19991202,26.75
19991203,26.68
19991204,26.74
19991205,26.74
19991206,26.74
19991207,26.84
19991208,26.82
19991209,26.87
19991210,26.87
19991211,26.83
19991212,26.83
19991213,26.83
19991214,26.83
19991215,26.82
19991216,26.8
19991217,26.77
19991218,26.77
19991219,26.77
19991220,26.77
19991221,26.72
19991222,26.71
19991223,26.74
19991224,26.72
19991225,26.76
19991226,26.76
19991227,26.76
19991228,26.95
19991229,27
19991230,27
19991231,27
20000101,27
20000102,27
20000103,27
20000104,27
20000105,27
20000106,26.9
20000107,27.23
20000108,27.23
20000109,27.23
20000110,27.23
20000111,27.73
20000112,28.44
20000113,28.85
20000114,28.65
20000115,28.57
20000116,28.57
20000117,28.57
20000118,28.57
20000119,28.57
20000120,28.52
20000121,28.51
20000122,28.44
20000123,28.44
20000124,28.44
20000125,28.44
20000126,28.49
20000127,28.55
20000128,28.55
20000129,28.55
20000130,28.55
20000131,28.55
20000201,28.55
20000202,28.55
20000203,28.64
20000204,28.77
20000205,28.77
20000206,28.77
20000207,28.77
20000208,28.76
20000209,28.72
20000210,28.69
20000211,28.66
20000212,28.77
20000213,28.77
20000214,28.77
20000215,28.77
20000216,28.72
20000217,28.71
20000218,28.79
20000219,28.74
20000220,28.74
20000221,28.74
20000222,28.74
20000223,28.87
20000224,28.83
20000225,28.8
20000226,28.7
20000227,28.7
20000228,28.7
20000229,28.66
20000301,28.65
20000302,28.64
20000303,28.6
20000304,28.59
20000305,28.59
20000306,28.59
20000307,28.58
20000308,28.55
20000309,28.55
20000310,28.53
20000311,28.51
20000312,28.51
20000313,28.51
20000314,28.5
20000315,28.49
20000316,28.46
20000317,28.43
20000318,28.41
20000319,28.41
20000320,28.41
20000321,28.39
20000322,28.38
20000323,28.36
20000324,28.34
20000325,28.33
20000326,28.33
20000327,28.33
20000328,28.31
20000329,28.29
20000330,28.27
20000331,28.46
20000401,28.6
20000402,28.6
20000403,28.6
20000404,28.78
20000405,28.76
20000406,28.72
20000407,28.68
20000408,28.66
20000409,28.66
20000410,28.66
20000411,28.63
20000412,28.59
20000413,28.56
20000414,28.53
20000415,28.5
20000416,28.5
20000417,28.5
20000418,28.6
20000419,28.78
20000420,28.62
20000421,28.59
20000422,28.55
20000423,28.55
20000424,28.55
20000425,28.53
20000426,28.53
20000427,28.46
20000428,28.43
20000429,28.4
20000430,28.4
20000501,28.4
20000502,28.4
20000503,28.4
20000504,28.38
20000505,28.36
20000506,28.36
20000507,28.36
20000508,28.36
20000509,28.36
20000510,28.36
20000511,28.34
20000512,28.32
20000513,28.3
20000514,28.3
20000515,28.3
20000516,28.28
20000517,28.27
20000518,28.27
20000519,28.33
20000520,28.31
20000521,28.31
20000522,28.31
20000523,28.3
20000524,28.29
20000525,28.28
20000526,28.28
20000527,28.27
20000528,28.27
20000529,28.27
20000530,28.27
20000531,28.25
20000601,28.23
20000602,28.25
20000603,28.34
20000604,28.34
20000605,28.34
20000606,28.34
20000607,28.32
20000608,28.3
20000609,28.27
20000610,28.25
20000611,28.25
20000612,28.25
20000613,28.25
20000614,28.43
20000615,28.33
20000616,28.29
20000617,28.26
20000618,28.26
20000619,28.26
20000620,28.24
20000621,28.23
20000622,28.22
20000623,28.19
20000624,28.17
20000625,28.17
20000626,28.17
20000627,28.13
20000628,28.11
20000629,28.09
20000630,28.07
20000701,28.05
20000702,28.05
20000703,28.05
20000704,28.03
20000705,28.03
20000706,28.03
20000707,28.01
20000708,27.99
20000709,27.99
20000710,27.99
20000711,27.97
20000712,27.92
20000713,27.9
20000714,27.87
20000715,27.85
20000716,27.85
20000717,27.85
20000718,27.83
20000719,27.81
20000720,27.75
20000721,27.66
20000722,27.64
20000723,27.64
20000724,27.64
20000725,27.64
20000726,27.64
20000727,27.64
20000728,27.7
20000729,27.8
20000730,27.8
20000731,27.8
20000801,27.82
20000802,27.85
20000803,27.83
20000804,27.8
20000805,27.77
20000806,27.77
20000807,27.77
20000808,27.73
20000809,27.73
20000810,27.7
20000811,27.7
20000812,27.69
20000813,27.69
20000814,27.69
20000815,27.69
20000816,27.74
20000817,27.73
20000818,27.73
20000819,27.73
20000820,27.73
20000821,27.73
20000822,27.71
20000823,27.71
20000824,27.71
20000825,27.7
20000826,27.7
20000827,27.7
20000828,27.7
20000829,27.7
20000830,27.75
20000831,27.75
20000901,27.75
20000902,27.75
20000903,27.75
20000904,27.75
20000905,27.75
20000906,27.84
20000907,27.88
20000908,27.84
20000909,27.86
20000910,27.86
20000911,27.86
20000912,27.84
20000913,27.82
20000914,27.82
20000915,27.78
20000916,27.73
20000917,27.73
20000918,27.73
20000919,27.73
20000920,27.77
20000921,27.82
20000922,27.82
20000923,27.79
20000924,27.79
20000925,27.79
20000926,27.85
20000927,27.82
20000928,27.81
20000929,27.75
20000930,27.75
20001001,27.75
20001002,27.75
20001003,27.76
20001004,27.76
20001005,27.81
20001006,27.86
20001007,27.88
20001008,27.88
20001009,27.88
20001010,27.88
20001011,27.94
20001012,27.86
20001013,27.91
20001014,27.9
20001015,27.9
20001016,27.9
20001017,27.83
20001018,27.8
20001019,27.87
20001020,27.93
20001021,27.93
20001022,27.93
20001023,27.93
20001024,27.93
20001025,27.91
20001026,27.87
20001027,27.92
20001028,27.89
20001029,27.89
20001030,27.89
20001031,27.83
20001101,27.82
20001102,27.86
20001103,27.84
20001104,27.81
20001105,27.81
20001106,27.81
20001107,27.81
20001108,27.81
20001109,27.79
20001110,27.72
20001111,27.78
20001112,27.78
20001113,27.78
20001114,27.77
20001115,27.7
20001116,27.67
20001117,27.76
20001118,27.81
20001119,27.81
20001120,27.81
20001121,27.83
20001122,27.83
20001123,27.85
20001124,27.85
20001125,27.88
20001126,27.88
20001127,27.88
20001128,27.86
20001129,27.86
20001130,27.85
20001201,27.89
20001202,27.89
20001203,27.89
20001204,27.89
20001205,27.91
20001206,27.95
20001207,27.93
20001208,27.93
20001209,27.95
20001210,27.95
20001211,27.95
20001212,27.95
20001213,27.95
20001214,27.97
20001215,27.92
20001216,27.97
20001217,27.97
20001218,27.97
20001219,27.95
20001220,27.95
20001221,27.96
20001222,27.96
20001223,27.97
20001224,27.97
20001225,27.97
20001226,27.97
20001227,28.07
20001228,28.16
20001229,28.16
20001230,28.16
20001231,28.16
20010101,28.16
20010102,28.16
20010103,28.16
20010104,28.16
20010105,28.48
20010106,28.43
20010107,28.43
20010108,28.43
20010109,28.43
20010110,28.39
20010111,28.38
20010112,28.39
20010113,28.35
20010114,28.35
20010115,28.35
20010116,28.35
20010117,28.32
20010118,28.39
20010119,28.36
20010120,28.34
20010121,28.34
20010122,28.34
20010123,28.37
20010124,28.39
20010125,28.39
20010126,28.4
20010127,28.36
20010128,28.36
20010129,28.36
20010130,28.36
20010131,28.37
20010201,28.4
20010202,28.44
20010203,28.45
20010204,28.45
20010205,28.45
20010206,28.44
20010207,28.45
20010208,28.47
20010209,28.5
20010210,28.59
20010211,28.59
20010212,28.59
20010213,28.68
20010214,28.68
20010215,28.67
20010216,28.68
20010217,28.66
20010218,28.66
20010219,28.66
20010220,28.66
20010221,28.69
20010222,28.65
20010223,28.61
20010224,28.68
20010225,28.68
20010226,28.68
20010227,28.76
20010228,28.72
20010301,28.62
20010302,28.62
20010303,28.65
20010304,28.65
20010305,28.65
20010306,28.66
20010307,28.63
20010308,28.62
20010309,28.62
20010310,28.62
20010311,28.62
20010312,28.62
20010313,28.67
20010314,28.65
20010315,28.66
20010316,28.66
20010317,28.66
20010318,28.66
20010319,28.66
20010320,28.65
20010321,28.62
20010322,28.65
20010323,28.76
20010324,28.76
20010325,28.76
20010326,28.76
20010327,28.76
20010328,28.73
20010329,28.76
20010330,28.76
20010331,28.74
20010401,28.74
20010402,28.74
20010403,28.77
20010404,28.86
20010405,28.86
20010406,28.86
20010407,28.86
20010408,28.86
20010409,28.86
20010410,28.84
20010411,28.79
20010412,28.87
20010413,28.86
20010414,28.82
20010415,28.82
20010416,28.82
20010417,28.85
20010418,28.86
20010419,28.87
20010420,28.9
20010421,28.88
20010422,28.88
20010423,28.88
20010424,28.84
20010425,28.85
20010426,28.9
20010427,28.86
20010428,28.83
20010429,28.83
20010430,28.83
20010501,28.83
20010502,28.83
20010503,28.83
20010504,28.88
20010505,28.96
20010506,28.96
20010507,28.96
20010508,28.96
20010509,28.96
20010510,28.96
20010511,28.95
20010512,28.96
20010513,28.96
20010514,28.96
20010515,28.99
20010516,29.04
20010517,29.02
20010518,29.07
20010519,29.09
20010520,29.09
20010521,29.09
20010522,29.09
20010523,29.08
20010524,29.07
20010525,29.08
20010526,29.07
20010527,29.07
20010528,29.07
20010529,29.07
20010530,29.1
20010531,29.09
20010601,29.14
20010602,29.15
20010603,29.15
20010604,29.15
20010605,29.16
20010606,29.16
20010607,29.16
20010608,29.16
20010609,29.13
20010610,29.13
20010611,29.13
20010612,29.13
20010613,29.13
20010614,29.12
20010615,29.08
20010616,29.07
20010617,29.07
20010618,29.07
20010619,29.05
20010620,29.09
20010621,29.14
20010622,29.08
20010623,29.1
20010624,29.1
20010625,29.1
20010626,29.1
20010627,29.09
20010628,29.12
20010629,29.11
20010630,29.07
20010701,29.07
20010702,29.07
20010703,29.16
20010704,29.18
20010705,29.18
20010706,29.17
20010707,29.17
20010708,29.17
20010709,29.17
20010710,29.22
20010711,29.23
20010712,29.2
20010713,29.21
20010714,29.2
20010715,29.2
20010716,29.2
20010717,29.23
20010718,29.21
20010719,29.24
20010720,29.27
20010721,29.28
20010722,29.28
20010723,29.28
20010724,29.25
20010725,29.28
20010726,29.25
20010727,29.23
20010728,29.25
20010729,29.25
20010730,29.25
20010731,29.27
20010801,29.32
20010802,29.3
20010803,29.33
20010804,29.36
20010805,29.36
20010806,29.36
20010807,29.34
20010808,29.31
20010809,29.31
20010810,29.34
20010811,29.34
20010812,29.34
20010813,29.34
20010814,29.31
20010815,29.33
20010816,29.34
20010817,29.35
20010818,29.36
20010819,29.36
20010820,29.36
20010821,29.37
20010822,29.35
20010823,29.35
20010824,29.37
20010825,29.37
20010826,29.37
20010827,29.37
20010828,29.35
20010829,29.36
20010830,29.36
20010831,29.37
20010901,29.41
20010902,29.41
20010903,29.41
20010904,29.41
20010905,29.45
20010906,29.45
20010907,29.45
20010908,29.43
20010909,29.43
20010910,29.43
20010911,29.43
20010912,29.44
20010913,29.45
20010914,29.47
20010915,29.45
20010916,29.45
20010917,29.45
20010918,29.44
20010919,29.43
20010920,29.45
20010921,29.43
20010922,29.4
20010923,29.4
20010924,29.4
20010925,29.42
20010926,29.43
20010927,29.4
20010928,29.4
20010929,29.39
20010930,29.39
20011001,29.39
20011002,29.43
20011003,29.45
20011004,29.48
20011005,29.5
20011006,29.52
20011007,29.52
20011008,29.52
20011009,29.52
20011010,29.52
20011011,29.5
20011012,29.53
20011013,29.5
20011014,29.5
20011015,29.5
20011016,29.51
20011017,29.49
20011018,29.54
20011019,29.55
20011020,29.55
20011021,29.55
20011022,29.55
20011023,29.54
20011024,29.54
20011025,29.57
20011026,29.59
20011027,29.63
20011028,29.63
20011029,29.63
20011030,29.68
20011031,29.7
20011101,29.68
20011102,29.7
20011103,29.73
20011104,29.73
20011105,29.73
20011106,29.74
20011107,29.68
20011108,29.68
20011109,29.68
20011110,29.71
20011111,29.71
20011112,29.71
20011113,29.71
20011114,29.72
20011115,29.72
20011116,29.76
20011117,29.78
20011118,29.78
20011119,29.78
20011120,29.8
20011121,29.91
20011122,29.9
20011123,29.9
20011124,29.93
20011125,29.93
20011126,29.93
20011127,29.93
20011128,29.93
20011129,29.93
20011130,29.9
20011201,29.9
20011202,29.9
20011203,29.9
20011204,29.93
20011205,29.93
20011206,29.94
20011207,29.92
20011208,29.95
20011209,29.95
20011210,29.95
20011211,30.09
20011212,30.08
20011213,30.08
20011214,30.19
20011215,30.18
20011216,30.18
20011217,30.18
20011218,30.3
20011219,30.28
20011220,30.28
20011221,30.26
20011222,30.08
20011223,30.08
20011224,30.08
20011225,30.12
20011226,30.12
20011227,30.21
20011228,30.14
20011229,30.14
20011230,30.14
20011231,30.14
20020101,30.1372
20020102,30.1372
20020103,30.1372
20020104,30.1372
20020105,30.1372
20020106,30.1372
20020107,30.1372
20020108,30.1372
20020109,30.1372
20020110,30.5753
20020111,30.4999
20020112,30.4399
20020113,30.4399
20020114,30.4399
20020115,30.4491
20020116,30.4751
20020117,30.4778
20020118,30.5798
20020119,30.5788
20020120,30.5788
20020121,30.5788
20020122,30.5788
20020123,30.5572
20020124,30.5596
20020125,30.538
20020126,30.5949
20020127,30.5949
20020128,30.5949
20020129,30.6623
20020130,30.654
20020131,30.685
20020201,30.6797
20020202,30.6827
20020203,30.6827
20020204,30.6827
20020205,30.7299
20020206,30.7246
20020207,30.7318
20020208,30.7236
20020209,30.7644
20020210,30.7644
20020211,30.7644
20020212,30.8163
20020213,30.8421
20020214,30.8438
20020215,30.8281
20020216,30.8206
20020217,30.8206
20020218,30.8206
20020219,30.8206
20020220,30.8949
20020221,30.884
20020222,30.858
20020223,30.8409
20020224,30.8409
20020225,30.8409
20020226,30.8409
20020227,30.8949
20020228,30.9274
20020301,30.9404
20020302,30.9436
20020303,30.9436
20020304,30.9436
20020305,30.9949
20020306,30.9909
20020307,30.9946
20020308,30.9946
20020309,30.9946
20020310,30.9946
20020311,30.9946
20020312,31.0632
20020313,31.0545
20020314,31.0758
20020315,31.0237
20020316,31.071
20020317,31.071
20020318,31.071
20020319,31.1119
20020320,31.1248
20020321,31.1325
20020322,31.1276
20020323,31.1168
20020324,31.1168
20020325,31.1168
20020326,31.151
20020327,31.1353
20020328,31.1147
20020329,31.0686
20020330,31.1192
20020331,31.1192
20020401,31.1192
20020402,31.1741
20020403,31.1733
20020404,31.1933
20020405,31.184
20020406,31.182
20020407,31.182
20020408,31.182
20020409,31.1893
20020410,31.1644
20020411,31.1679
20020412,31.1982
20020413,31.1734
20020414,31.1734
20020415,31.1734
20020416,31.1522
20020417,31.1498
20020418,31.1517
20020419,31.1649
20020420,31.1711
20020421,31.1711
20020422,31.1711
20020423,31.1516
20020424,31.1498
20020425,31.1579
20020426,31.1783
20020427,31.1977
20020428,31.1977
20020429,31.1977
20020430,31.1963
20020501,31.1951
20020502,31.1951
20020503,31.1951
20020504,31.1951
20020505,31.1951
20020506,31.1951
20020507,31.1967
20020508,31.1951
20020509,31.2119
20020510,31.2119
20020511,31.2119
20020512,31.2119
20020513,31.2119
20020514,31.2471
20020515,31.2453
20020516,31.2468
20020517,31.2554
20020518,31.2553
20020519,31.2553
20020520,31.2553
20020521,31.2551
20020522,31.255
20020523,31.2652
20020524,31.275
20020525,31.285
20020526,31.285
20020527,31.285
20020528,31.285
20020529,31.3043
20020530,31.3071
20020531,31.3071
20020601,31.3058
20020602,31.3058
20020603,31.3058
20020604,31.3136
20020605,31.3272
20020606,31.3521
20020607,31.3924
20020608,31.397
20020609,31.397
20020610,31.397
20020611,31.4046
20020613,31.3928
20020617,31.3965
20020618,31.3903
20020619,31.4115
20020620,31.4337
20020621,31.437
20020624,31.4531
20020625,31.4725
20020626,31.4758
20020627,31.4608
20020628,31.439
20020629,31.4471
20020702,31.5002
20020703,31.5124
20020704,31.5128
20020705,31.5128
20020706,31.5156
20020708,31.5156
20020709,31.53
20020710,31.5533
20020711,31.5476
20020712,31.5437
20020713,31.5555
20020715,31.5555
20020716,31.4948
20020717,31.4779
20020718,31.5395
20020719,31.5394
20020720,31.5332
20020722,31.5332
20020723,31.5056
20020724,31.5015
20020725,31.5035
20020726,31.5333
20020727,31.5069
20020729,31.5069
20020730,31.4701
20020731,31.4401
20020801,31.4568
20020802,31.5238
20020803,31.5502
20020805,31.5502
20020806,31.5409
20020807,31.5324
20020808,31.5542
20020809,31.5581
20020810,31.5828
20020812,31.5828
20020813,31.5612
20020814,31.5321
20020815,31.5405
20020816,31.5608
20020817,31.5668
20020819,31.5668
20020820,31.555
20020821,31.565
20020822,31.5735
20020823,31.5711
20020824,31.5725
20020827,31.5803
20020828,31.5542
20020829,31.5752
20020830,31.5744
20020831,31.5673
20020903,31.5673
20020904,31.6053
20020905,31.6117
20020906,31.6113
20020907,31.6123
20020909,31.6123
20020910,31.6268
20020911,31.6302
20020912,31.6409
20020913,31.6493
20020914,31.6415
20020916,31.6415
20020917,31.6297
20020918,31.6244
20020919,31.6251
20020920,31.6425
20020921,31.6379
20020923,31.6379
20020924,31.6325
20020925,31.6354
20020926,31.6382
20020927,31.635
20020928,31.6358
20020930,31.6358
20021001,31.6827
20021002,31.6919
20021003,31.6982
20021004,31.6809
20021005,31.68
20021007,31.68
20021008,31.6795
20021009,31.6799
20021010,31.6803
20021011,31.6685
20021012,31.6703
20021014,31.6703
20021015,31.6703
20021016,31.6762
20021017,31.6767
20021018,31.6761
20021019,31.6727
20021021,31.6727
20021022,31.6973
20021023,31.7272
20021024,31.7159
20021025,31.7109
20021026,31.7314
20021028,31.7314
20021029,31.7411
20021030,31.6977
20021031,31.7408
20021101,31.7701
20021102,31.7646
20021105,31.7744
20021106,31.7909
20021107,31.7756
20021110,31.7756
20021111,31.7756
20021112,31.7756
20021113,31.8226
20021114,31.8157
20021115,31.8203
20021116,31.8225
20021119,31.8231
20021120,31.8224
20021121,31.823
20021122,31.8248
20021123,31.8222
20021125,31.8222
20021126,31.8416
20021127,31.8382
20021128,31.84
20021129,31.84
20021130,31.8424
20021202,31.8424
20021203,31.8547
20021204,31.8584
20021205,31.8596
20021206,31.8578
20021207,31.86
20021209,31.86
20021210,31.8597
20021211,31.8583
20021212,31.86
20021216,31.86
20021217,31.8527
20021218,31.8588
20021219,31.8574
20021220,31.8542
20021221,31.845
20021223,31.845
20021224,31.7966
20021225,31.7919
20021226,31.7919
20021227,31.791
20021228,31.7844
20021230,31.7844
20021231,31.7844
20030105,31.7844
20030106,31.7844
20030109,31.8846
20030110,31.882
20030111,31.8327
20030114,31.8253
20030115,31.835
20030116,31.8139
20030117,31.8071
20030118,31.8224
20030120,31.8224
20030121,31.8224
20030122,31.8003
20030123,31.8095
20030124,31.811
20030125,31.8015
20030127,31.8015
20030128,31.8001
20030129,31.8001
20030130,31.8
20030131,31.8222
20030201,31.8345
20030204,31.8517
20030205,31.8354
20030206,31.8351
20030207,31.835
20030208,31.8352
20030211,31.8214
20030212,31.784
20030213,31.7101
20030214,31.6554
20030215,31.6406
20030218,31.6406
20030219,31.5503
20030220,31.581
20030221,31.5501
20030222,31.55
20030226,31.5875
20030227,31.6065
20030228,31.5762
20030301,31.5729
20030304,31.5956
20030305,31.5809
20030306,31.592
20030307,31.5891
20030308,31.5619
20030311,31.5619
20030312,31.5076
20030313,31.4407
20030314,31.3818
20030315,31.382
20030318,31.3872
20030319,31.4077
20030320,31.3976
20030321,31.384
20030322,31.3811
20030324,31.3811
20030325,31.3803
20030326,31.38
20030327,31.3829
20030328,31.38
20030329,31.3805
20030331,31.3805
20030401,31.3801
20030402,31.3175
20030403,31.286
20030404,31.2908
20030405,31.2818
20030407,31.2818
20030408,31.2798
20030409,31.2814
20030410,31.2821
20030411,31.2829
20030412,31.2849
20030414,31.2849
20030415,31.2345
20030416,31.189
20030417,31.1905
20030418,31.1831
20030419,31.1899
20030422,31.1022
20030423,31.1024
20030424,31.1003
20030425,31.1
20030426,31.1
20030429,31.1
20030430,31.1
20030501,31.1021
20030506,31.1105
20030507,31.1184
20030508,31.1009
20030509,31.1001
20030513,31.0076
20030514,30.9801
20030515,30.9811
20030516,30.98
20030517,30.8902
20030520,30.89
20030521,30.89
20030522,30.8902
20030523,30.8316
20030524,30.8316
20030527,30.72
20030528,30.72
20030529,30.6186
20030530,30.6691
20030531,30.709
20030603,30.64
20030604,30.7427
20030605,30.7599
20030606,30.6478
20030607,30.5658
20030610,30.4613
20030611,30.5589
20030612,30.5123
20030617,30.4612
20030618,30.3805
20030619,30.38
20030620,30.3807
20030621,30.3807
20030623,30.3205
20030624,30.3546
20030625,30.3511
20030626,30.318
20030627,30.3396
20030630,30.3483
20030701,30.3809
20030702,30.3267
20030703,30.28
20030704,30.28
20030707,30.2906
20030708,30.3014
20030710,30.4178
20030711,30.3642
20030714,30.3808
20030715,30.4955
20030716,30.5349
20030717,30.5175
20030718,30.4891
20030721,30.4316
20030722,30.3647
20030723,30.2976
20030724,30.3469
20030725,30.3557
20030728,30.322
20030729,30.2467
20030730,30.245
20030731,30.2596
20030801,30.2791
20030802,30.3031
20030805,30.332
20030806,30.2813
20030807,30.2979
20030808,30.3359
20030809,30.3977
20030812,30.3764
20030813,30.3524
20030814,30.3832
20030815,30.3287
20030816,30.3532
20030819,30.3246
20030820,30.3258
20030821,30.311
20030822,30.3251
20030823,30.31
20030826,30.3014
20030827,30.361
20030828,30.3916
20030829,30.5036
20030830,30.5036
20030902,30.5458
20030903,30.5547
20030904,30.604
20030905,30.6396
20030906,30.6844
20030909,30.7013
20030910,30.6407
20030911,30.6307
20030912,30.6565
20030913,30.659
20030916,30.7007
20030918,30.68
20030919,30.5877
20030920,30.56
20030925,30.451
20030926,30.4721
20030927,30.4998
20030930,30.6119
20031001,30.6142
20031002,30.5693
20031003,30.4676
20031004,30.4382
20031007,30.4604
20031008,30.3819
20031009,30.3773
20031010,30.235
20031011,30.235
20031014,30.0552
20031015,30.2348
20031016,30.1235
20031017,30.1254
20031020,30.0741
20031021,30.0179
20031022,29.9319
20031023,29.9206
20031024,29.915
20031025,29.9156
20031028,30.0847
20031029,29.9335
20031030,29.8189
20031031,29.8584
20031101,29.9451
20031103,29.9451
20031104,29.9441
20031105,29.8608
20031106,29.8124
20031107,29.8113
20031111,29.8113
20031112,29.804
20031113,29.8104
20031114,29.859
20031115,29.8186
20031118,29.7972
20031119,29.8004
20031120,29.7952
20031121,29.8084
20031122,29.7979
20031125,29.7356
20031126,29.736
20031127,29.736
20031128,29.7369
20031129,29.7387
20031202,29.7038
20031203,29.6995
20031204,29.695
20031205,29.6953
20031206,29.6322
20031209,29.5502
20031210,29.5529
20031211,29.5375
20031212,29.4394
20031216,29.3861
20031217,29.304
20031218,29.2522
20031219,29.2454
20031220,29.245
20031223,29.2719
20031224,29.245
20031225,29.245
20031226,29.245
20031227,29.2533
20031230,29.4545
20031231,29.4545
20040106,29.4545
20040107,29.245
20040109,29.135
20040110,28.9918
20040113,28.8711
20040114,28.8841
20040115,28.8691
20040116,28.8795
20040117,28.8795
20040120,28.7961
20040121,28.7853
20040122,28.8026
20040123,28.6959
20040124,28.5514
20040127,28.4963
20040128,28.5139
20040129,28.485
20040130,28.4916
20040131,28.4937
20040203,28.5252
20040204,28.6205
20040205,28.5281
20040206,28.4906
20040207,28.5744
20040210,28.4939
20040211,28.5048
20040212,28.5312
20040213,28.518
20040214,28.518
20040217,28.4949
20040218,28.4878
20040219,28.4851
20040220,28.4959
20040221,28.4934
20040225,28.4931
20040226,28.4973
20040227,28.511
20040228,28.5156
20040302,28.5162
20040303,28.5321
20040304,28.5895
20040305,28.6654
20040306,28.6343
20040310,28.5216
20040311,28.5733
20040312,28.5726
20040313,28.5083
20040316,28.5064
20040317,28.5121
20040318,28.534
20040319,28.5005
20040320,28.5045
20040323,28.5121
20040324,28.4855
20040325,28.4852
20040326,28.4979
20040327,28.4891
20040330,28.4886
20040331,28.4853
20040401,28.5151
20040402,28.5024
20040403,28.5095
20040405,28.5385
20040406,28.5385
20040407,28.541
20040408,28.5296
20040409,28.5172
20040410,28.5065
20040413,28.5535
20040414,28.5892
20040415,28.6221
20040416,28.6104
20040417,28.6223
20040420,28.6693
20040421,28.7662
20040422,28.9237
20040423,28.98
20040424,28.9671
20040427,29.0033
20040428,28.87
20040429,28.8636
20040430,28.8834
20040501,28.9612
20040506,28.8976
20040507,28.873
20040508,28.953
20040512,28.9862
20040513,29.0587
20040514,29.0772
20040515,29.0684
20040518,29.0436
20040519,28.9983
20040520,28.9924
20040521,28.9904
20040522,28.9863
20040525,28.9916
20040526,28.9763
20040527,28.9817
20040528,28.985
20040529,28.985
20040601,28.9993
20040602,29.0053
20040603,29.0511
20040604,29.0859
20040605,29.0658
20040608,29.0346
20040609,29.0219
20040610,29.0337
20040611,29.0424
20040612,29.0287
20040616,29.02
20040617,29.0199
20040618,29.029
20040619,29.0257
20040622,29.017
20040623,29.0206
20040624,29.0243
20040625,29.0218
20040626,29.0256
20040629,29.0242
20040630,29.0274
20040701,29.0471
20040702,29.0388
20040703,29.0409
20040706,29.0356
20040707,29.0402
20040708,29.0639
20040709,29.1019
20040710,29.11
20040713,29.1332
20040714,29.1248
20040715,29.1037
20040716,29.077
20040717,29.0908
20040720,29.0805
20040721,29.0815
20040722,29.0882
20040723,29.0891
20040724,29.083
20040727,29.0928
20040728,29.0832
20040729,29.0871
20040730,29.0891
20040731,29.1019
20040803,29.1405
20040804,29.1829
20040805,29.1764
20040806,29.1761
20040807,29.1907
20040810,29.2491
20040811,29.2381
20040812,29.2519
20040813,29.276
20040814,29.2579
20040817,29.2229
20040818,29.2152
20040819,29.2176
20040820,29.2325
20040821,29.2199
20040824,29.2178
20040825,29.2208
20040826,29.2225
20040827,29.2226
20040828,29.2289
20040831,29.2447
20040901,29.2591
20040902,29.2552
20040903,29.2322
20040904,29.2307
20040907,29.2183
20040908,29.2187
20040909,29.2239
20040910,29.2173
20040911,29.2166
20040914,29.2151
20040915,29.2162
20040916,29.2151
20040917,29.2187
20040918,29.2214
20040921,29.2154
20040922,29.2165
20040923,29.2172
20040924,29.2146
20040925,29.2151
20040928,29.2164
20040929,29.215
20040930,29.2171
20041001,29.2224
20041002,29.2175
20041004,29.2175
20041005,29.2159
20041006,29.219
20041007,29.2215
20041008,29.2204
20041009,29.2218
20041012,29.1272
20041013,29.1152
20041014,29.1199
20041015,29.1154
20041016,29.1151
20041019,29.1191
20041020,29.1175
20041021,29.115
20041022,29.1154
20041023,28.9989
20041026,28.8673
20041027,28.7709
20041028,28.7674
20041029,28.7783
20041030,28.7655
20041102,28.7651
20041103,28.7778
20041104,28.7811
20041105,28.765
20041106,28.668
20041110,28.6502
20041111,28.6718
20041112,28.6889
20041113,28.6651
20041116,28.6696
20041117,28.6882
20041118,28.6687
20041119,28.5387
20041120,28.5455
20041123,28.5208
20041124,28.5217
20041125,28.4144
20041126,28.3205
20041127,28.2659
20041130,28.2367
20041201,28.1496
20041202,28.0161
20041203,27.9951
20041204,27.9271
20041207,27.8402
20041208,27.8741
20041209,27.9772
20041210,28.0293
20041211,28.1243
20041215,27.9955
20041216,27.9103
20041217,27.8372
20041218,27.8821
20041221,27.8917
20041222,27.8887
20041223,27.8389
20041224,27.8341
20041225,27.8251
20041228,27.7796
20041229,27.775
20041230,27.7487
20041231,27.7487
20050112,27.9549
20050113,27.88
20050114,27.8677
20050115,27.9469
20050118,27.9668
20050119,28.1129
20050120,28.1573
20050121,28.1594
20050122,28.1569
20050125,28.0157
20050126,27.9804
20050127,28.1017
20050128,28.0025
20050129,28.0845
20050201,28.1136
20050202,27.9656
20050203,27.9665
20050204,28.0104
20050205,27.9833
20050208,28.1237
20050209,28.1872
20050210,28.133
20050211,28.0853
20050212,28.0688
20050215,28.0306
20050216,28.0207
20050217,28.0016
20050218,27.9998
20050219,27.9359
20050222,27.9365
20050223,27.8312
20050225,27.745
20050226,27.7738
20050301,27.7007
20050302,27.7091
20050303,27.699
20050304,27.7245
20050305,27.7518
20050306,27.6698
20050310,27.5562
20050311,27.4637
20050312,27.4629
20050315,27.477
20050316,27.4902
20050317,27.489
20050318,27.4611
20050319,27.4827
20050322,27.5442
20050323,27.5764
20050324,27.6381
20050325,27.697
20050326,27.7112
20050329,27.8198
20050330,27.8313
20050331,27.8256
20050401,27.8548
20050402,27.8831
20050405,27.8926
20050406,27.9394
20050407,27.8739
20050408,27.8085
20050409,27.8789
20050412,27.7933
20050413,27.765
20050414,27.7907
20050415,27.8291
20050416,27.9031
20050419,27.8222
20050420,27.7543
20050421,27.7241
20050422,27.7074
20050423,27.7304
20050426,27.7463
20050427,27.7586
20050428,27.8055
20050429,27.794
20050430,27.7726
20050504,27.8364
20050505,27.7896
20050506,27.7845
20050507,27.7852
20050512,27.816
20050513,27.8677
20050514,27.9237
20050515,27.9237
20050517,28.0223
20050518,27.9929
20050519,28.0055
20050520,27.9608
20050521,27.9719
20050524,28.0619
20050525,28.0327
20050526,28.0367
20050527,28.0638
20050528,28.0813
20050531,28.0919
20050601,28.1946
20050602,28.2885
20050603,28.375
20050604,28.3761
20050607,28.429
20050608,28.4133
20050609,28.3766
20050610,28.4457
20050611,28.4671
20050615,28.5658
20050616,28.6237
20050617,28.6024
20050618,28.5841
20050621,28.4765
20050622,28.5497
20050623,28.5528
20050624,28.6193
20050625,28.6787
20050628,28.5802
20050629,28.584
20050630,28.6721
20050701,28.6282
20050702,28.6794
20050705,28.8005
20050706,28.8333
20050707,28.8185
20050708,28.831
20050709,28.8374
20050712,28.7154
20050713,28.5938
20050714,28.5678
20050715,28.6679
20050716,28.6269
20050719,28.6726
20050720,28.7252
20050721,28.6744
20050722,28.6012
20050723,28.5792
20050726,28.6898
20050727,28.6888
20050728,28.7304
20050729,28.6817
20050730,28.6341
20050802,28.595
20050803,28.5826
20050804,28.604
20050805,28.4854
20050806,28.4171
20050809,28.4355
20050810,28.3791
20050811,28.3931
20050812,28.3788
20050813,28.3122
20050816,28.3815
20050817,28.4161
20050818,28.473
20050819,28.4936
20050820,28.6003
20050823,28.5852
20050824,28.5494
20050825,28.5844
20050826,28.4572
20050827,28.4505
20050830,28.4368
20050831,28.545
20050901,28.5566
20050902,28.4637
20050903,28.3037
20050906,28.1977
20050907,28.2108
20050908,28.2015
20050909,28.2562
20050910,28.2517
20050913,28.3566
20050914,28.3856
20050915,28.316
20050916,28.3698
20050917,28.3026
20050920,28.4582
20050921,28.4065
20050922,28.3812
20050923,28.3603
20050924,28.432
20050927,28.5463
20050928,28.5678
20050929,28.5366
20051001,28.5348
20051004,28.6132
20051005,28.643
20051006,28.6157
20051007,28.5207
20051008,28.4577
20051011,28.4708
20051012,28.5562
20051013,28.625
20051014,28.599
20051015,28.5861
20051018,28.5291
20051019,28.614
20051020,28.6715
20051021,28.6219
20051022,28.5666
20051025,28.6248
20051026,28.6087
20051027,28.4633
20051028,28.4793
20051029,28.4244
20051101,28.503
20051102,28.581
20051103,28.5805
20051108,28.7593
20051109,28.8389
20051110,28.828
20051111,28.8135
20051112,28.879
20051115,28.825
20051116,28.8503
20051117,28.838
20051118,28.876
20051122,28.7745
20051123,28.8108
20051124,28.7267
20051125,28.741
20051126,28.7896
20051129,28.8698
20051130,28.7312
20051201,28.7792
20051202,28.816
20051203,28.9646
20051206,28.9978
20051207,28.9123
20051208,28.9261
20051209,28.9799
20051210,28.9258
20051213,28.8571
20051214,28.7135
20051215,28.661
20051216,28.6892
20051217,28.6523
20051220,28.64
20051221,28.6649
20051222,28.7629
20051223,28.84
20051224,28.7799
20051227,28.8059
20051228,28.8177
20051229,28.7472
20051230,28.79
20051231,28.7825
20060111,28.4821
20060112,28.4834
20060113,28.3966
20060114,28.474
20060117,28.3007
20060118,28.2697
20060119,28.3023
20060120,28.2863
20060121,28.2909
20060124,28.0512
20060125,27.9898
20060126,27.9805
20060127,27.9698
20060128,28.024
20060131,28.1207
20060201,28.1305
20060202,28.1042
20060203,28.1901
20060204,28.1732
20060207,28.2349
20060208,28.2524
20060209,28.2642
20060210,28.2496
20060211,28.2411
20060214,28.2369
20060215,28.1844
20060216,28.1994
20060217,28.2225
20060218,28.2182
20060221,28.1451
20060222,28.1908
20060223,28.1827
20060227,28.155
20060228,28.1223
20060301,28.1211
20060302,28.0245
20060303,28.0279
20060304,27.9305
20060307,27.881
20060308,27.9945
20060310,28
20060311,28.0203
20060314,28.0079
20060315,27.9929
20060316,27.8432
20060317,27.8171
20060318,27.7028
20060321,27.6615
20060322,27.7027
20060323,27.7383
20060324,27.768
20060325,27.847
20060328,27.773
20060329,27.8019
20060330,27.8043
20060331,27.7626
20060401,27.6996
20060404,27.7737
20060405,27.6921
20060406,27.5602
20060407,27.5332
20060408,27.6077
20060411,27.7085
20060412,27.6797
20060413,27.6625
20060414,27.6985
20060415,27.7002
20060418,27.6336
20060419,27.5675
20060420,27.465
20060421,27.4666
20060422,27.5198
20060425,27.4331
20060426,27.4244
20060427,27.3921
20060428,27.3621
20060429,27.2739
20060503,27.2424
20060504,27.159
20060505,27.2085
20060506,27.1258
20060507,27.0801
20060511,27.0359
20060512,27.0755
20060513,26.9431
20060516,26.9187
20060517,27.0209
20060518,26.9569
20060519,27.0663
20060520,26.9987
20060523,27.0965
20060524,26.9876
20060525,27.0168
20060526,27.0381
20060527,27.0349
20060530,27.0652
20060531,26.984
20060601,26.9355
20060602,27.0474
20060603,26.8868
20060606,26.7089
20060607,26.7331
20060608,26.8582
20060609,26.8801
20060610,27.0079
20060614,27.0836
20060615,27.0895
20060616,27.0369
20060617,26.9869
20060620,27.0379
20060621,27.045
20060622,27.0163
20060623,26.9738
20060627,27.1021
20060628,27.0334
20060629,27.0611
20060630,27.0789
20060701,26.9423
20060704,26.8735
20060705,26.8397
20060706,26.8559
20060707,26.9111
20060708,26.8781
20060711,26.8558
20060712,26.9125
20060713,26.867
20060714,26.9189
20060715,26.9631
20060718,26.9277
20060719,27.0194
20060720,27.0554
20060721,26.9674
20060722,26.9122
20060725,26.9223
20060726,26.9073
20060727,26.9878
20060728,26.8431
20060729,26.8718
20060801,26.8197
20060802,26.8416
20060803,26.7605
20060804,26.804
20060805,26.771
20060808,26.6962
20060809,26.7348
20060810,26.7391
20060811,26.6738
20060812,26.793
20060815,26.8189
20060816,26.8337
20060817,26.7804
20060818,26.7225
20060819,26.7364
20060822,26.705
20060823,26.6964
20060824,26.7614
20060825,26.7863
20060826,26.7998
20060829,26.7672
20060830,26.7446
20060831,26.7379
20060901,26.7295
20060902,26.7542
20060905,26.7222
20060906,26.6406
20060907,26.6714
20060908,26.6708
20060909,26.7625
20060912,26.7965
20060913,26.7764
20060914,26.798
20060915,26.8015
20060916,26.7667
20060919,26.8048
20060920,26.7715
20060921,26.7974
20060922,26.7674
20060923,26.6712
20060926,26.6665
20060927,26.7263
20060928,26.7944
20060929,26.7498
20060930,26.7799
20061003,26.7948
20061004,26.7335
20061005,26.7671
20061006,26.7803
20061007,26.8102
20061010,26.8919
20061011,26.889
20061012,26.9537
20061013,26.9508
20061014,26.9314
20061017,26.969
20061018,26.9445
20061019,26.9288
20061020,26.9351
20061021,26.851
20061024,26.8804
20061025,26.9307
20061026,26.9025
20061027,26.8305
20061028,26.7884
20061031,26.7477
20061101,26.7811
20061102,26.7285
20061103,26.7277
20061104,26.7007
20061108,26.7218
20061109,26.7044
20061110,26.6982
20061111,26.6195
20061114,26.6194
20061115,26.6509
20061116,26.6548
20061117,26.6551
20061118,26.6888
20061121,26.6402
20061122,26.6548
20061123,26.6122
20061124,26.556
20061125,26.5199
20061128,26.3666
20061129,26.3503
20061130,26.3147
20061201,26.3081
20061202,26.2465
20061205,26.2056
20061206,26.184
20061207,26.1883
20061208,26.1917
20061209,26.2356
20061212,26.2977
20061213,26.2609
20061214,26.2332
20061215,26.2645
20061216,26.3298
20061219,26.3884
20061220,26.383
20061221,26.2759
20061222,26.2928
20061223,26.2941
20061226,26.3528
20061227,26.36
20061228,26.3365
20061229,26.3789
20061230,26.3311
20070110,26.4465
20070111,26.4898
20070112,26.532
20070113,26.577
20070116,26.5645
20070117,26.5481
20070118,26.5646
20070119,26.5343
20070120,26.5075
20070123,26.5214
20070124,26.524
20070125,26.4879
20070126,26.5018
20070127,26.5575
20070130,26.5747
20070131,26.5331
20070201,26.5484
20070202,26.4882
20070203,26.48
20070206,26.5288
20070207,26.5543
20070208,26.504
20070209,26.3945
20070210,26.3473
20070213,26.3414
20070214,26.3759
20070215,26.306
20070216,26.2314
20070217,26.2358
20070220,26.2131
20070221,26.1964
20070222,26.1967
20070223,26.2474
20070227,26.173
20070228,26.1599
20070301,26.1481
20070302,26.1366
20070303,26.174
20070306,26.2147
20070307,26.2432
20070308,26.2352
20070310,26.2086
20070313,26.2278
20070314,26.1873
20070315,26.1491
20070316,26.13
20070317,26.0476
20070320,26.0419
20070321,26.0414
20070322,26.0335
20070323,25.9709
20070324,26.0109
20070327,26.077
20070328,26.018
20070329,25.9956
20070330,26.0204
20070331,26.0113
20070403,25.9947
20070404,25.9839
20070405,26.0094
20070406,25.9871
20070407,25.9252
20070410,25.9846
20070411,25.921
20070412,25.9181
20070413,25.8647
20070414,25.8286
20070417,25.7966
20070418,25.7994
20070419,25.7469
20070420,25.7657
20070421,25.724
20070424,25.7617
20070425,25.776
20070426,25.6948
20070427,25.6934
20070428,25.7446
20070429,25.6851
20070503,25.7564
20070504,25.7288
20070505,25.7691
20070508,25.7351
20070509,25.7334
20070511,25.7771
20070512,25.8594
20070515,25.8067
20070516,25.7927
20070517,25.7376
20070518,25.8074
20070519,25.8492
20070522,25.8388
20070523,25.8831
20070524,25.8964
20070525,25.9002
20070526,25.9152
20070529,25.8884
20070530,25.9029
20070531,25.9031
20070601,25.9043
20070602,25.8983
20070605,25.8928
20070606,25.8493
20070607,25.818
20070608,25.8428
20070609,25.9247
20070610,25.9811
20070614,26.042
20070615,26.0465
20070616,26.0323
20070619,25.9558
20070620,25.9268
20070621,25.9372
20070622,25.9692
20070623,25.9356
20070626,25.901
20070627,25.7781
20070628,25.8468
20070629,25.7965
20070630,25.8162
20070703,25.7288
20070704,25.6574
20070705,25.6629
20070706,25.6742
20070707,25.7305
20070710,25.7016
20070711,25.6586
20070712,25.5363
20070713,25.5167
20070714,25.4936
20070717,25.4728
20070718,25.4563
20070719,25.4401
20070720,25.4216
20070721,25.4144
20070724,25.3853
20070725,25.3964
20070726,25.4132
20070727,25.4989
20070728,25.4963
20070731,25.5999
20070801,25.5448
20070802,25.6008
20070803,25.5945
20070804,25.5554
20070807,25.452
20070808,25.4702
20070809,25.4837
20070810,25.3444
20070811,25.507
20070814,25.4661
20070815,25.5319
20070816,25.6367
20070817,25.7379
20070818,25.7818
20070821,25.7408
20070822,25.8429
20070823,25.8405
20070824,25.7105
20070825,25.7609
20070828,25.6544
20070829,25.6753
20070830,25.763
20070831,25.6494
20070901,25.6262
20070904,25.5896
20070905,25.5982
20070906,25.6997
20070907,25.6639
20070908,25.6618
20070911,25.5708
20070912,25.5154
20070913,25.4056
20070914,25.3679
20070915,25.3422
20070918,25.3286
20070919,25.3547
20070920,25.1867
20070921,25.1258
20070922,25.054
20070925,25.0062
20070926,25.0315
20070927,24.9755
20070928,24.9619
20070929,24.9493
20071002,24.8784
20071003,24.9093
20071004,24.9297
20071005,25.0111
20071006,24.9814
20071009,24.98
20071010,25.0597
20071011,24.9842
20071012,24.9199
20071013,24.9216
20071016,24.923
20071017,24.9012
20071018,24.9275
20071019,24.8749
20071020,24.8494
20071023,24.8066
20071024,24.9225
20071025,24.8912
20071026,24.8508
20071027,24.7722
20071030,24.6983
20071031,24.7238
20071101,24.6724
20071102,24.6847
20071103,24.6674
20071107,24.6232
20071108,24.5123
20071109,24.483
20071110,24.4458
20071113,24.4946
20071114,24.5286
20071115,24.4917
20071116,24.462
20071117,24.5153
20071120,24.4975
20071121,24.4328
20071122,24.3391
20071123,24.3174
20071124,24.2649
20071127,24.3104
20071128,24.3111
20071129,24.3622
20071130,24.3506
20071201,24.4171
20071204,24.456
20071205,24.4733
20071206,24.4236
20071207,24.5506
20071208,24.5295
20071211,24.488
20071212,24.4174
20071213,24.4432
20071214,24.4286
20071215,24.5092
20071218,24.706
20071219,24.7236
20071220,24.7281
20071221,24.7529
20071222,24.7235
20071225,24.7307
20071226,24.7196
20071227,24.7019
20071228,24.6387
20071229,24.5398
20071230,24.5462
20080110,24.4387
20080111,24.4796
20080112,24.3671
20080115,24.2913
20080116,24.2858
20080117,24.3367
20080118,24.5043
20080119,24.5076
20080122,24.6456
20080123,24.8917
20080124,24.6325
20080125,24.6349
20080126,24.4386
20080129,24.5952
20080130,24.475
20080131,24.4764
20080201,24.4262
20080202,24.4201
20080205,24.4543
20080206,24.5211
20080207,24.6706
20080208,24.6466
20080209,24.7813
20080212,24.6715
20080213,24.6537
20080214,24.6655
20080215,24.6392
20080216,24.5861
20080219,24.5767
20080220,24.5206
20080221,24.5486
20080222,24.5299
20080223,24.4663
20080227,24.4558
20080228,24.1966
20080229,24.1159
20080301,24.0023
20080304,24.0103
20080305,24.048
20080306,24.0473
20080307,23.9349
20080308,23.8353
20080312,23.8587
20080313,23.8461
20080314,23.6924
20080315,23.649
20080318,23.5126
20080319,23.5325
20080320,23.5581
20080321,23.6781
20080322,23.7773
20080325,23.8351
20080326,23.701
20080327,23.6559
20080328,23.5171
20080329,23.5156
20080401,23.5027
20080402,23.5799
20080403,23.6706
20080404,23.6153
20080405,23.5982
20080408,23.6028
20080409,23.533
20080410,23.5437
20080411,23.4628
20080412,23.4825
20080415,23.5139
20080416,23.4549
20080417,23.4482
20080418,23.3703
20080419,23.3696
20080422,23.4704
20080423,23.4299
20080424,23.3448
20080425,23.4391
20080426,23.6007
20080429,23.6037
20080430,23.6471
20080501,23.6588
20080505,23.7939
20080506,23.7633
20080507,23.7456
20080508,23.7523
20080509,23.8833
20080513,23.8328
20080514,23.7199
20080515,23.8521
20080516,23.8482
20080517,23.8391
20080520,23.7238
20080521,23.7462
20080522,23.6874
20080523,23.5758
20080524,23.6007
20080527,23.5483
20080528,23.5513
20080529,23.5847
20080530,23.6659
20080531,23.7384
20080603,23.7473
20080604,23.6968
20080605,23.8019
20080606,23.8116
20080607,23.6809
20080608,23.5651
20080610,23.521
20080611,23.6109
20080612,23.6748
20080617,23.7795
20080618,23.6402
20080619,23.6586
20080620,23.5979
20080621,23.6288
20080624,23.5908
20080625,23.6223
20080626,23.6113
20080627,23.5245
20080628,23.4573
20080701,23.406
20080702,23.4689
20080703,23.4147
20080704,23.3759
20080705,23.5125
20080708,23.5589
20080709,23.5024
20080710,23.4147
20080711,23.4363
20080712,23.3727
20080715,23.23
20080716,23.1255
20080717,23.1638
20080718,23.225
20080719,23.1937
20080722,23.212
20080723,23.196
20080724,23.322
20080725,23.3782
20080726,23.3572
20080729,23.361
20080730,23.3278
20080731,23.4456
20080801,23.4186
20080802,23.4697
20080805,23.4039
20080806,23.4354
20080807,23.5142
20080808,23.5816
20080809,23.8782
20080812,24.5697
20080813,24.3424
20080814,24.1559
20080815,24.2901
20080816,24.5054
20080819,24.4898
20080820,24.5703
20080821,24.4316
20080822,24.3013
20080823,24.2699
20080826,24.4389
20080827,24.5803
20080828,24.6019
20080829,24.5474
20080830,24.5769
20080902,24.667
20080903,24.7184
20080904,24.8739
20080905,25.2144
20080906,25.4552
20080909,25.2626
20080910,25.5814
20080911,25.5761
20080912,25.7842
20080913,25.7013
20080916,25.3938
20080917,25.5064
20080918,25.5245
20080919,25.4307
20080920,25.4863
20080923,25.269
20080924,24.9864
20080925,25.0703
20080926,24.8982
20080927,25.0221
20080930,25.2464
20081001,25.3718
20081002,25.6023
20081003,25.8213
20081004,25.8993
20081007,26.1784
20081008,26.1791
20081009,26.1629
20081010,26.0695
20081011,26.208
20081014,26.1111
20081015,26.0871
20081016,26.1347
20081017,26.3691
20081018,26.2505
20081021,26.0561
20081022,26.4417
20081023,26.9215
20081025,27.0596
20081028,27.3507
20081029,27.3018
20081030,27.0979
20081031,26.543
20081101,27.0981
20081102,27.0793
20081106,26.9146
20081107,26.9114
20081108,27.0041
20081111,26.9639
20081112,27.3399
20081113,27.4704
20081114,27.6704
20081115,27.3386
20081118,27.4374
20081119,27.4301
20081120,27.4413
20081121,27.5715
20081122,27.5665
20081125,27.6613
20081126,27.3913
20081127,27.3563
20081128,27.4216
20081129,27.606
20081202,27.9409
20081203,28.0166
20081204,27.9212
20081205,27.9576
20081206,28.0916
20081209,28.0043
20081210,28.0029
20081211,27.8671
20081212,27.931
20081213,27.8077
20081216,27.816
20081217,27.6009
20081218,27.5199
20081219,27.6095
20081220,27.7351
20081223,28.2682
20081224,28.3359
20081225,28.6119
20081226,28.6735
20081227,29.0058
20081230,29.23
20081231,29.3804
20090101,29.3916
20090112,30.5331
20090113,30.9981
20090114,31.2226
20090115,31.5616
20090116,32.2135
20090117,32.5747
20090120,32.9085
20090121,33.4154
20090122,32.643
20090123,32.7991
20090124,32.8926
20090127,32.9018
20090128,32.9979
20090129,33.2155
20090130,34.6847
20090131,35.4146
20090203,36.1767
20090204,36.129
20090205,36.0135
20090206,36.3095
20090207,36.3798
20090210,36.1258
20090211,35.9285
20090212,35.8323
20090213,34.8003
20090214,34.5578
20090217,34.7797
20090218,35.6345
20090219,36.4267
20090220,36.091
20090221,36.076
20090225,36.0254
20090226,35.7442
20090227,35.7223
20090228,35.7205
20090303,36.1644
20090304,36.2054
20090305,36.2284
20090306,35.8899
20090307,35.7374
20090311,35.4534
20090312,35.1164
20090313,35.2944
20090314,34.8316
20090317,34.8388
20090318,34.5318
20090319,34.4203
20090320,33.8222
20090321,33.423
20090324,33.3034
20090325,33.2726
20090326,33.7268
20090327,33.4668
20090328,33.4133
20090331,34.0134
20090401,33.9032
20090402,33.9456
20090403,33.7636
20090404,33.4095
20090407,33.1743
20090408,33.384
20090409,33.7781
20090410,33.5334
20090411,33.6309
20090414,33.4863
20090415,33.3887
20090416,33.4507
20090417,33.4184
20090418,33.4677
20090421,33.5371
20090422,34.1043
20090423,34.0597
20090424,33.7848
20090425,33.4187
20090428,33.3904
20090429,33.5533
20090430,33.2491
20090501,32.974
20090505,32.9672
20090506,32.8146
20090507,32.8883
20090508,32.7915
20090509,32.5534
20090513,32.2817
20090514,31.9841
20090515,32.1677
20090516,32.0797
20090519,32.2919
20090520,31.9498
20090521,31.8009
20090522,31.4586
20090523,31.1998
20090526,31.0516
20090527,31.1465
20090528,31.1846
20090529,31.3259
20090530,30.9843
20090602,30.7441
20090603,30.7321
20090604,30.5131
20090605,30.8767
20090606,30.6919
20090609,31.0751
20090610,31.2637
20090611,30.9277
20090612,30.9124
20090616,31.1548
20090617,31.3185
20090618,31.1297
20090619,31.0998
20090620,31.1541
20090623,31.2408
20090624,31.5765
20090625,31.1365
20090626,31.2037
20090627,31.1184
20090630,31.2904
20090701,31.0385
20090702,31.1904
20090703,31.1252
20090704,31.2481
20090707,31.4143
20090708,31.4695
20090709,31.7819
20090710,31.8878
20090711,32.0353
20090714,33.0597
20090715,32.5072
20090716,32.047
20090717,31.6943
20090718,31.7837
20090721,31.3733
20090722,31.1791
20090723,31.0785
20090724,31.076
20090725,31.1372
20090728,30.7457
20090729,30.6431
20090730,31.4162
20090731,31.7555
20090801,31.1533
20090804,31.2424
20090805,31.0484
20090806,31.1326
20090807,31.1814
20090808,31.5473
20090811,31.6503
20090812,31.7477
20090813,32.6926
20090814,32.1457
20090815,31.7226
20090818,32.2874
20090819,31.9187
20090820,31.9191
20090821,31.6011
20090822,31.9443
20090825,31.5544
20090826,31.5437
20090827,31.4007
20090828,31.6405
20090829,31.5687
20090901,31.8397
20090902,31.7743
20090903,31.973
20090904,31.7679
20090905,31.6062
20090908,31.4298
20090909,31.3754
20090910,31.1452
20090911,30.8851
20090912,30.7246
20090915,30.8617
20090916,30.9895
20090917,30.6067
20090918,30.3881
20090919,30.3744
20090922,30.3711
20090923,30.2385
20090924,30.0004
20090925,30.0678
20090926,30.137
20090929,30.1985
20090930,30.0922
20091001,30.0087
20091002,30.0621
20091003,30.124
20091006,30.0785
20091007,29.8322
20091008,29.7819
20091009,29.6396
20091010,29.609
20091013,29.5945
20091014,29.5043
20091015,29.4651
20091016,29.3206
20091017,29.3281
20091020,29.3553
20091021,29.1911
20091022,29.1641
20091023,29.0858
20091024,29.0003
20091027,28.9403
20091028,29.0184
20091029,29.1749
20091030,29.3441
20091031,29.0488
20091103,29.1944
20091104,29.2337
20091106,29.133
20091107,29.0156
20091110,28.8497
20091111,28.7391
20091112,28.7007
20091113,28.6701
20091114,28.8345
20091117,28.6705
20091118,28.6768
20091119,28.7163
20091120,28.7459
20091121,28.8554
20091124,28.7986
20091125,28.8481
20091126,28.7909
20091127,28.8751
20091128,29.8179
20091201,29.0687
20091202,29.1771
20091203,29.056
20091204,29.2427
20091205,29.1979
20091208,29.5221
20091209,30.1839
20091210,30.7562
20091211,30.6268
20091212,30.2107
20091215,30.0481
20091216,30.0678
20091217,30.1978
20091218,30.4392
20091219,30.7187
20091222,30.5529
20091223,30.4439
20091224,30.5007
20091225,29.9292
20091226,29.4266
20091229,29.5952
20091230,29.8491
20091231,30.2442
20100101,30.1851
20100112,29.4283
20100113,29.3774
20100114,29.6409
20100115,29.4299
20100116,29.5603
20100119,29.5963
20100120,29.5184
20100121,29.6941
20100122,29.7486
20100123,29.7458
20100126,30.0946
20100127,30.3136
20100128,30.2921
20100129,30.3631
20100130,30.4312
20100202,30.3996
20100203,30.183
20100204,29.8779
20100205,30.0054
20100206,30.4666
20100209,30.5158
20100210,30.3735
20100211,30.2462
20100212,30.1245
20100213,30.1595
20100216,30.2207
20100217,30.1176
20100218,29.9761
20100219,30.1138
20100220,30.151
20100225,30.0309
20100226,30.0521
20100227,30.0388
20100228,29.9484
20100302,29.93
20100303,29.9779
20100304,29.814
20100305,29.8217
20100306,29.8366
20100310,29.7499
20100311,29.7249
20100312,29.5195
20100313,29.3897
20100316,29.3353
20100317,29.4242
20100318,29.1927
20100319,29.2223
20100320,29.2565
20100323,29.3389
20100324,29.4707
20100325,29.5764
20100326,29.6572
20100327,29.5142
20100330,29.6309
20100331,29.3638
20100401,29.4956
20100402,29.4394
20100403,29.2194
20100406,29.2097
20100407,29.2416
20100408,29.294
20100409,29.4003
20100410,29.3232
20100413,28.9428
20100414,29.0294
20100415,29.0444
20100416,28.931
20100417,29.0325
20100420,29.1969
20100421,29.1381
20100422,29.0906
20100423,29.1288
20100424,29.2743
20100427,29.0882
20100428,29.0623
20100429,29.3801
20100430,29.2886
20100501,29.1537
20100505,29.2982
20100506,29.6812
20100507,30.2971
20100508,30.7193
20100512,30.3609
20100513,30.2048
20100514,29.8597
20100515,30.0575
20100518,30.6986
20100519,30.3946
20100520,30.6953
20100521,30.7523
20100522,31.0576
20100525,30.8754
20100526,31.4293
20100527,31.3538
20100528,30.8786
20100529,30.4956
20100601,30.74
20100602,31.0702
20100603,31.19
20100604,30.8938
20100605,31.0685
20100608,31.7798
20100609,31.62
20100610,31.7302
20100611,31.5742
20100612,31.4471
20100616,31.4595
20100617,31.1566
20100618,31.1854
20100619,30.884
20100622,30.7267
20100623,30.896
20100624,30.9694
20100625,31.0149
20100626,31.0761
20100629,30.9833
20100630,31.1954
20100701,31.2554
20100702,31.3703
20100703,31.1942
20100706,31.1124
20100707,31.1124
20100708,31.0922
20100709,30.9479
20100710,30.7953
20100713,30.8823
20100714,30.8543
20100715,30.539
20100716,30.5619
20100717,30.4615
20100720,30.5739
20100721,30.4058
20100722,30.4059
20100723,30.5205
20100724,30.3839
20100727,30.3006
20100728,30.2391
20100729,30.2066
20100730,30.2173
20100731,30.1869
20100803,30.1861
20100804,29.9681
20100805,29.7958
20100806,29.8633
20100807,29.8312
20100810,29.8186
20100811,30.0239
20100812,30.205
20100813,30.4493
20100814,30.4199
20100817,30.5199
20100818,30.4514
20100819,30.4257
20100820,30.4636
20100821,30.5099
20100824,30.6041
20100825,30.7559
20100826,30.8958
20100827,30.8227
20100828,30.6969
20100831,30.664
20100901,30.8669
20100902,30.8001
20100903,30.6858
20100904,30.6922
20100907,30.5771
20100908,30.7319
20100909,30.8873
20100910,30.8801
20100911,30.8937
20100914,30.6831
20100915,30.7049
20100916,30.7407
20100917,31.0223
20100918,31.0826
20100921,30.9809
20100922,31.0814
20100923,30.9826
20100924,31.0031
20100925,30.948
20100928,30.6119
20100929,30.6013
20100930,30.403
20101001,30.5126
20101002,30.5094
20101005,30.496
20101006,30.436
20101007,29.8929
20101008,29.6334
20101009,29.9086
20101012,29.8317
20101013,30.0763
20101014,30.1269
20101015,29.9315
20101016,30.1243
20101019,30.5237
20101020,30.4151
20101021,30.7968
20101022,30.7348
20101023,30.4977
20101026,30.2258
20101027,30.4
20101028,30.5682
20101029,30.6786
20101030,30.7821
20101102,30.7738
20101103,30.7941
20101104,30.7709
20101109,30.8029
20101110,30.8612
20101111,30.6925
20101112,30.5107
20101113,30.7722
20101114,30.8414
20101116,30.8632
20101117,31.056
20101118,31.3487
20101119,31.1999
20101120,30.949
20101123,30.995
20101124,31.2642
20101125,31.2929
20101126,31.2842
20101127,31.3539
20101130,31.3061
20101201,31.3335
20101202,31.4555
20101203,31.3518
20101204,31.2641
20101207,31.2867
20101208,31.2238
20101209,31.243
20101210,30.9831
20101211,30.8604
20101214,30.9006
20101215,30.7447
20101216,30.7199
20101217,30.7528
20101218,30.6682
20101221,30.7746
20101222,30.7188
20101223,30.7187
20101224,30.5922
20101225,30.5778
20101228,30.4495
20101229,30.272
20101230,30.3592
20101231,30.4769
20110101,30.3505
20110112,30.6252
20110113,30.3988
20110114,30.0926
20110115,29.954
20110118,30.0534
20110119,29.8881
20110120,29.8252
20110121,29.9147
20110122,30.0109
20110125,29.8516
20110126,29.7948
20110127,29.7768
20110128,29.6738
20110129,29.6684
20110201,29.8018
20110202,29.6548
20110203,29.4219
20110204,29.3489
20110205,29.4136
20110208,29.3689
20110209,29.255
20110210,29.301
20110211,29.3535
20110212,29.32
20110215,29.2583
20110216,29.285
20110217,29.2735
20110218,29.2447
20110219,29.2585
20110222,29.1549
20110223,29.2859
20110225,29.1611
20110226,28.9405
20110301,28.9028
20110302,28.7569
20110303,28.6277
20110304,28.3228
20110305,28.188
20110306,28.1717
20110310,28.2945
20110311,28.4356
20110312,28.6317
20110315,28.664
20110316,28.7263
20110317,28.6582
20110318,28.7422
20110319,28.4763
20110322,28.3675
20110323,28.1561
20110324,28.27
20110325,28.4015
20110326,28.2237
20110329,28.411
20110330,28.3436
20110331,28.429
20110401,28.5162
20110402,28.3684
20110405,28.2277
20110406,28.3113
20110407,28.2164
20110408,28.2286
20110409,28.1211
20110412,27.9758
20110413,28.1456
20110414,28.1145
20110415,28.1886
20110416,28.2212
20110419,28.1636
20110420,28.4213
20110421,28.1457
20110422,27.9398
20110423,27.9396
20110426,27.9924
20110427,27.8964
20110428,27.7144
20110429,27.4977
20110430,27.5022
20110504,27.3348
20110505,27.3675
20110506,27.2625
20110507,27.6635
20110511,27.8645
20110512,27.6288
20110513,27.9472
20110514,27.8497
20110517,28.122
20110518,28.1177
20110519,28.0466
20110520,27.9608
20110521,27.9145
20110524,28.3418
20110525,28.437
20110526,28.4794
20110527,28.228
20110528,28.1166
20110531,28.0685
20110601,27.9805
20110602,27.9682
20110603,28.0419
20110604,27.8751
20110607,27.7752
20110608,27.7814
20110609,27.6847
20110610,27.7033
20110611,27.7907
20110615,27.8984
20110616,27.8957
20110617,28.19
20110618,28.1778
20110621,28.1783
20110622,28.0118
20110623,27.896
20110624,28.0568
20110625,28.1655
20110628,28.3478
20110629,28.2352
20110630,28.0758
20110701,27.8726
20110702,27.8536
20110705,27.8037
20110706,27.8622
20110707,27.8907
20110708,27.9853
20110709,27.888
20110712,28.0839
20110713,28.3842
20110714,28.2557
20110715,28.061
20110716,28.1277
20110719,28.1775
20110720,28.1505
20110721,28.0466
20110722,27.908
20110723,27.7169
20110726,27.7413
20110727,27.546
20110728,27.4439
20110729,27.5907
20110730,27.6796
20110802,27.5204
20110803,27.8154
20110804,27.8996
20110805,27.8432
20110806,28.3382
20110809,28.521
20110810,29.4166
20110811,29.3065
20110812,29.417
20110813,29.4452
20110816,28.8576
20110817,28.7032
20110818,28.7207
20110819,28.9115
20110820,29.2709
20110823,29.2555
20110824,28.9547
20110825,28.9037
20110826,28.8825
20110827,28.8717
20110830,28.7108
20110831,28.8569
20110901,28.9278
20110902,28.8911
20110903,29.0604
20110906,29.3436
20110907,29.6107
20110908,29.4905
20110909,29.5015
20110910,29.6904
20110913,30.3034
20110914,30.1872
20110915,30.3643
20110916,30.5042
20110917,30.5328
20110920,30.868
20110921,31.496
20110922,31.4122
20110923,31.9106
20110924,32.1083
20110927,32.4619
20110928,32.2201
20110929,31.818
20110930,31.8751
20111001,32.11
20111004,32.589
20111005,32.6799
20111006,32.6374
20111007,32.5085
20111008,32.2005
20111011,32.0096
20111012,31.427
20111013,31.4151
20111014,31.2014
20111015,30.9905
20111018,30.737
20111019,30.9694
20111020,30.9257
20111021,31.3788
20111022,31.3361
20111025,30.8255
20111026,30.4971
20111027,30.5732
20111028,30.2421
20111029,29.8977
20111101,30.1245
20111102,30.6448
20111103,30.683
20111104,30.8438
20111108,30.5694
20111109,30.5014
20111110,30.1033
20111111,30.8454
20111112,30.5282
20111115,30.2921
20111116,30.66
20111117,30.8417
20111118,30.7337
20111119,30.919
20111122,30.9693
20111123,31.0612
20111124,31.2133
20111125,31.4365
20111126,31.5788
20111129,31.4117
20111130,31.3216
20111201,31.4001
20111202,30.8486
20111203,30.8099
20111206,30.9068
20111207,31.1026
20111208,31.1527
20111209,31.2308
20111210,31.5691
20111213,31.4134
20111214,31.6704
20111215,31.7655
20111216,31.8957
20111217,31.7701
20111220,32.0323
20111221,32.0519
20111222,31.7645
20111223,31.5634
20111224,31.2575
20111227,31.2266
20111228,31.0847
20111229,31.5633
20111230,32.0197
20111231,32.1961
20120111,31.8729
20120112,31.6886
20120113,31.6807
20120114,31.583
20120117,31.9344
20120118,31.5445
20120119,31.5428
20120120,31.4777
20120121,31.2879
20120124,31.3325
20120125,30.8752
20120126,30.667
20120127,30.36
20120128,30.3626
20120131,30.3647
20120201,30.3131
20120202,30.4067
20120203,30.1855
20120204,30.2385
20120207,30.2324
20120208,30.0871
20120209,29.693
20120210,29.6795
20120211,29.8923
20120214,29.8873
20120215,30.0868
20120216,29.944
20120217,30.2098
20120218,29.9982
20120221,29.7805
20120222,29.7796
20120223,29.7692
20120225,29.449
20120228,29.1264
20120229,28.9503
20120301,29.0253
20120302,29.2889
20120303,29.296
20120306,29.2892
20120307,29.4508
20120308,29.6621
20120312,29.5406
20120313,29.6666
20120314,29.5091
20120315,29.5125
20120316,29.5822
20120317,29.3578
20120320,29.2224
20120321,29.1652
20120322,29.2079
20120323,29.2447
20120324,29.4038
20120327,29.2311
20120328,28.9468
20120329,29.0845
20120330,29.2853
20120331,29.3282
20120403,29.3479
20120404,29.2944
20120405,29.4285
20120406,29.4303
20120407,29.4606
20120410,29.6358
20120411,29.6359
20120412,29.8033
20120413,29.569
20120414,29.4711
20120417,29.7614
20120418,29.6368
20120419,29.6368
20120420,29.5122
20120421,29.5214
20120424,29.488
20120425,29.4549
20120426,29.2962
20120427,29.277
20120428,29.4234
20120429,29.3627
20120503,29.3708
20120504,29.463
20120505,29.5937
20120506,29.8075
20120511,30.1891
20120512,30.2306
20120513,30.1793
20120515,30.2652
20120516,30.3299
20120517,30.9758
20120518,30.9417
20120519,31.3921
20120522,31.1582
20120523,31.0644
20120524,31.3803
20120525,31.6247
20120526,31.7572
20120529,31.827
20120530,32.086
20120531,32.4509
20120601,32.9173
20120602,33.7384
20120605,34.0395
20120606,33.2001
20120607,32.7889
20120608,32.1922
20120609,32.7358
20120610,32.5862
20120614,32.7331
20120615,32.5766
20120616,32.3945
20120619,32.1315
20120620,32.5315
20120621,32.5166
20120622,32.9054
20120623,33.5191
20120626,33.1693
20120627,33.1732
20120628,32.8384
20120629,32.9412
20120630,32.8169
20120703,32.5287
20120704,32.4789
20120705,32.2065
20120706,32.4727
20120707,32.624
20120710,32.9907
20120711,32.9754
20120712,32.8282
20120713,32.7177
20120714,32.659
20120717,32.6208
20120718,32.4955
20120719,32.4041
20120720,32.0764
20120721,31.9509
20120724,32.376
20120725,32.6324
20120726,32.9657
20120727,32.6224
20120728,32.2131
20120731,32.1881
20120801,32.2058
20120802,32.3322
20120803,32.4563
20120804,32.5361
20120807,31.9451
20120808,31.6644
20120809,31.6907
20120810,31.4807
20120811,31.8974
20120814,31.8707
20120815,31.7739
20120816,31.8532
20120817,31.9011
20120818,31.8469
20120821,32.0165
20120822,31.9606
20120823,31.8056
20120824,31.683
20120825,31.8099
20120828,31.8703
20120829,32.0183
20120830,32.0942
20120831,32.2934
20120901,32.5669
20120904,32.4171
20120905,32.1995
20120906,32.4608
20120907,32.1998
20120908,32.0142
20120911,31.7221
20120912,31.7768
20120913,31.478
20120914,31.3992
20120915,30.8181
20120918,30.5867
20120919,30.8795
20120920,30.8634
20120921,31.5758
20120922,31.1667
20120925,31.2513
20120926,31.1608
20120927,31.2221
20120928,31.1951
20120929,30.9169
20121002,31.2538
20121003,31.135
20121004,31.1944
20121005,31.121
20121006,30.9744
20121009,31.0777
20121010,31.0994
20121011,31.2017
20121012,31.1667
20121013,30.9738
20121016,31.0791
20121017,30.9493
20121018,30.7964
20121019,30.7195
20121020,30.7823
20121023,30.9084
20121024,31.1171
20121025,31.3039
20121026,31.2499
20121027,31.478
20121030,31.4373
20121031,31.5252
20121101,31.3743
20121102,31.3666
20121103,31.3817
20121107,31.5195
20121108,31.3033
20121109,31.5146
20121110,31.4962
20121113,31.6053
20121114,31.7164
20121115,31.7267
20121116,31.6919
20121117,31.7184
20121120,31.6677
20121121,31.4263
20121122,31.4218
20121123,31.1525
20121124,31.1325
20121127,31.0201
20121128,30.941
20121129,31.1408
20121130,31.0565
20121201,30.811
20121204,30.8365
20121205,30.994
20121206,30.8235
20121207,30.9107
20121208,30.967
20121211,30.8686
20121212,30.7506
20121213,30.7321
20121214,30.6034
20121215,30.6892
20121218,30.7696
20121219,30.9859
20121220,30.7606
20121221,30.7592
20121222,30.7194
20121225,30.8046
20121226,30.5926
20121227,30.615
20121228,30.4808
20121229,30.3727
20121230,30.3727
20130110,30.4215
20130111,30.365
20130112,30.2537
20130115,30.2607
20130116,30.2556
20130117,30.3399
20130118,30.3431
20130119,30.2065
20130122,30.297
20130123,30.195
20130124,30.2292
20130125,30.1648
20130126,30.0451
20130129,30.0782
20130130,30.1513
20130131,30.0277
20130201,30.0161
20130202,29.9966
20130205,29.9251
20130206,30.1231
20130207,29.9598
20130208,30.0496
20130209,30.1575
20130212,30.159
20130213,30.1713
20130214,30.0692
20130215,30.0773
20130216,30.1139
20130219,30.1258
20130220,30.1277
20130221,30.0502
20130222,30.2337
20130223,30.3596
20130226,30.3368
20130227,30.5889
20130228,30.6202
20130301,30.5124
20130302,30.6381
20130305,30.787
20130306,30.6963
20130307,30.6214
20130308,30.7628
20130312,30.7576
20130313,30.7499
20130314,30.7209
20130315,30.7769
20130316,30.7196
20130319,30.8908
20130320,30.8285
20130321,30.9446
20130322,30.8923
20130323,30.9325
20130326,30.7585
20130327,30.8734
20130328,30.863
20130329,30.9962
20130330,31.0834
20130402,31.1093
20130403,31.1178
20130404,31.3918
20130405,31.7203
20130406,31.6207
20130409,31.6144
20130410,31.2086
20130411,31.0036
20130412,30.8814
20130413,30.9308
20130416,31.3051
20130417,31.4512
20130418,31.232
20130419,31.7151
20130420,31.4605
20130423,31.5664
20130424,31.6414
20130425,31.5917
20130426,31.3169
20130427,31.2196
20130430,31.2559
20130501,31.0433
20130507,31.0839
20130508,31.0789
20130509,31.0829
20130514,31.3777
20130515,31.2778
20130516,31.4281
20130517,31.4166
20130518,31.3931
20130521,31.3406
20130522,31.177
20130523,31.228
20130524,31.4711
20130525,31.3164
20130528,31.3025
20130529,31.3784
20130530,31.5203
20130531,31.5893
20130601,31.7979
20130604,32.0487
20130605,31.8344
20130606,31.9816
20130607,32.1385
20130608,32.2397
20130611,32.3246
20130612,32.3951
20130614,32.3467
20130615,31.8029
20130618,31.679
20130619,31.8824
20130620,32.1201
20130621,32.7041
20130622,32.7433
20130623,32.7433
20130624,32.7433
20130625,32.9097
20130626,32.714
20130627,32.8876
20130628,32.8766
20130629,32.709
20130630,32.709
20130701,32.709
20130702,32.8517
20130703,32.9475
20130704,33.2204
20130705,33.1605
20130706,33.2247
20130707,33.2247
20130708,33.2247
20130709,33.321
20130710,33.0842
20130711,32.9112
20130712,32.5867
20130713,32.6429
20130714,32.6429
20130715,32.6429
20130716,32.622
20130717,32.5417
20130718,32.4526
20130719,32.3998
20130720,32.4288
20130721,32.4288
20130722,32.4288
20130723,32.3236
20130724,32.3106
20130725,32.3462
20130726,32.5376
20130727,32.6371
20130730,32.8556
20130731,32.8901
20130801,33.033
20130802,32.9741
20130803,33.0978
20130806,32.8811
20130807,32.939
20130808,32.9848
20130809,32.9401
20130810,32.8606
20130813,32.891
20130814,33.0426
20130815,33.1583
20130816,33.0004
20130817,32.9421
20130820,32.9226
20130821,33.0006
20130822,32.9737
20130823,33.1908
20130824,33.0552
20130827,32.9564
20130828,33.1224
20130829,33.1798
20130830,33.1783
20130831,33.2474
20130903,33.2522
20130904,33.3693
20130905,33.4656
20130906,33.3901
20130907,33.4338
20130910,33.3243
20130911,33.06
20130912,32.9629
20130913,32.6731
20130914,32.7406
20130917,32.2907
20130918,32.3237
20130919,32.245
20130920,31.5892
20130921,31.7326
20130924,31.9106
20130925,31.8167
20130926,31.9343
20130927,32.1736
20130928,32.3451
20131001,32.4839
20131002,32.2965
20131003,32.2979
20131004,32.125
20131005,32.1005
20131008,32.2931
20131009,32.2984
20131010,32.3619
20131011,32.3564
20131012,32.2133
20131015,32.2663
20131016,32.2676
20131017,32.2561
20131018,32.0816
20131019,31.846
20131022,31.9013
20131023,31.9346
20131024,31.7448
20131025,31.6618
20131026,31.6775
20131029,31.8119
20131030,31.9445
20131031,31.9445
20131101,32.0758
20131102,32.1808
20131106,32.3509
20131107,32.4511
20131108,32.3803
20131109,32.5479
20131112,32.6622
20131113,32.8076
20131114,32.8184
20131115,32.6874
20131116,32.6807
20131119,32.5658
20131120,32.6098
20131121,32.7417
20131122,33.018
20131123,32.9055
20131126,32.7733
20131127,32.9879
20131128,33.0041
20131129,33.1332
20131130,33.1916
20131203,33.1482
20131204,33.246
20131205,33.2632
20131206,33.114
20131207,32.9514
20131210,32.7782
20131211,32.7848
20131212,32.7315
20131213,32.7518
20131214,32.8663
20131217,32.8658
20131218,32.8646
20131219,32.9404
20131220,32.9527
20131221,32.9798
20131224,32.9506
20131225,32.6284
20131226,32.6487
20131227,32.671
20131228,32.6282
20131231,32.7292
20140101,32.6587
20140110,33.1547
20140111,33.2062
20140114,33.1204
20140115,33.2386
20140116,33.3562
20140117,33.4013
20140118,33.4343
20140121,33.6429
20140122,33.8161
20140123,33.8688
20140124,34.0334
20140125,34.26
20140128,34.7093
20140129,34.625
20140130,34.5633
20140131,35.2448
20140201,35.18
20140204,35.2347
20140205,35.4502
20140206,34.9592
20140207,34.7287
20140208,34.6044
20140211,34.7636
20140212,34.7964
20140213,34.7595
20140214,34.8611
20140215,35.2559
20140218,35.0976
20140219,35.2386
20140220,35.5857
20140221,35.767
20140222,35.6828
20140225,35.5112
20140226,35.5669
20140227,35.7872
20140228,36.0501
20140301,36.1847
20140304,36.3784
20140305,36.3208
20140306,36.0849
20140307,36.1251
20140308,36.2618
20140312,36.4015
20140313,36.4865
20140314,36.4566
20140315,36.6391
20140318,36.6505
20140319,36.4487
20140320,36.207
20140321,36.1081
20140322,36.4022
20140325,36.1663
20140326,35.9316
20140327,35.4494
20140328,35.581
20140329,35.6871
20140401,35.6053
20140402,35.024
20140403,35.2517
20140404,35.5154
20140405,35.501
20140408,35.4679
20140409,35.5475
20140410,35.7493
20140411,35.5581
20140412,35.6239
20140415,35.989
20140416,35.9635
20140417,36.0813
20140418,35.9287
20140419,35.5389
20140422,35.6688
20140423,35.6785
20140424,35.6625
20140425,35.683
20140426,35.9289
20140429,36.0245
20140430,35.6983
20140501,35.7227
20140506,35.8381
20140507,35.655
20140508,35.4971
20140509,35.0343
20140513,35.2091
20140514,34.8789
20140515,34.709
20140516,34.7005
20140517,34.7794
20140520,34.7394
20140521,34.6007
20140522,34.5078
20140523,34.2802
20140524,34.3139
20140527,34.0771
20140528,34.2571
20140529,34.4895
20140530,34.6481
20140531,34.7352
20140603,34.8887
20140604,35.0115
20140605,35.1398
20140606,34.9043
20140607,34.6573
20140610,34.3303
20140611,34.3681
20140612,34.3227
20140617,34.5654
20140618,34.8095
20140619,34.8232
20140620,34.3025
20140621,34.419
20140624,34.2797
20140625,33.9812
20140626,33.907
20140627,33.7508
20140628,33.6306
20140701,33.8434
20140702,34.2275
20140703,34.2496
20140704,34.1949
20140705,34.3236
20140708,34.5691
20140709,34.4258
20140710,34.0758
20140711,33.8353
20140712,34.0582
20140715,34.3135
20140716,34.3723
20140717,34.3853
20140718,34.7998
20140719,35.1627
20140722,35.09
20140723,35.0387
20140724,34.8101
20140725,35.0786
20140726,35.0535
20140729,35.3457
20140730,35.6339
20140731,35.7271
20140801,35.4438
20140802,35.7272
20140805,35.6605
20140806,35.7987
20140807,36.1102
20140808,36.2496
20140809,36.4461
20140812,36.0475
20140813,36.089
20140814,36.2222
20140815,36.0395
20140816,36.0014
20140819,36.0294
20140820,36.1094
20140821,36.224
20140822,36.3317
20140823,36.0027
20140826,36.1201
20140827,36.1358
20140828,36.1397
20140829,36.3053
20140830,36.9316
20140902,37.2945
20140903,37.348
20140904,37.3183
20140905,36.8038
20140906,36.9219
20140909,37.0866
20140910,37.0261
20140911,37.1693
20140912,37.3758
20140913,37.6545
20140916,37.9861
20140917,38.7058
20140918,38.3724
20140919,38.4209
20140920,38.4134
20140923,38.5782
20140924,38.6672
20140925,38.383
20140926,38.3007
20140927,38.7243
20140930,39.3866
20141001,39.3836
20141002,39.6604
20141003,39.5474
20141004,39.698
20141007,39.982
20141008,39.7417
20141009,39.9819
20141010,39.98
20141011,40.2125
20141014,40.3251
20141015,40.5304
20141016,40.9416
20141017,40.7457
20141018,41.045
20141021,40.8815
20141022,41.0501
20141023,40.9671
20141024,41.4958
20141025,41.8101
20141028,41.9497
20141029,42.3934
20141030,42.6525
20141031,43.3943
20141101,41.9627
20141106,44.3993
20141107,45.1854
20141108,47.8774
20141111,45.8926
20141112,45.952
20141113,46.3379
20141114,46.1233
20141115,47.392
20141118,47.3329
20141119,46.9797
20141120,47.0294
20141121,46.7047
20141122,45.7926
20141125,44.7852
20141126,44.9758
20141127,46.4244
20141128,47.6629
20141129,49.322
20141202,51.8068
20141203,50.7678
20141204,54.3821
20141205,52.6932
20141206,53.1088
20141209,53.3079
20141210,54.2116
20141211,54.2758
20141212,54.7932
20141213,56.8919
20141216,58.3461
20141217,61.1512
20141218,67.7851
20141219,59.6029
20141220,60.6825
20141223,56.494
20141224,54.5687
20141225,54.4913
20141226,52.6159
20141227,52.0343
20141230,56.6801
20141231,56.2584
20150101,56.2376
20150113,62.7363
20150114,64.8425
20150115,66.0983
20150116,64.8337
20150117,65.1738
20150120,64.9732
20150121,64.9862
20150122,65.5558
20150123,65.4
20150124,63.393
20150127,65.5937
20150128,67.8153
20150129,67.1506
20150130,68.7303
20150131,68.9291
20150203,69.664
20150204,67.7727
20150205,65.447
20150206,68.6113
20150207,66.0432
20150210,65.7817
20150211,65.4469
20150212,66.0585
20150213,66.0994
20150214,65.0862
20150217,62.6632
20150218,62.8353
20150219,62.4001
20150220,62.1307
20150221,61.7235
20150225,63.5083
20150226,62.5906
20150227,60.7109
20150228,61.2718
20150303,62.2248
20150304,62.3649
20150305,61.8745
20150306,61.8457
20150307,59.9938
20150311,60.6649
20150312,62.6797
20150313,60.9595
20150314,61.3167
20150317,62.1497
20150318,61.751
20150319,61.3483
20150320,59.8308
20150321,60.0341
20150324,59.4452
20150325,58.771
20150326,57.3879
20150327,56.4271
20150328,57.7279
20150331,58.4643
20150401,57.65
20150402,58.3536
20150403,56.9902
20150404,56.7534
20150407,56.5161
20150408,55.3328
20150409,54.027
20150410,52.5424
20150411,51.0678
20150414,52.422
20150415,51.9749
20150416,50.5033
20150417,49.6749
20150418,50.5295
20150421,51.5207
20150422,53.9728
20150423,53.6555
20150424,51.6011
20150425,50.2473
20150428,51.469
20150429,52.3041
20150430,51.7029
20150501,51.1388
20150506,51.7574
20150507,49.9816
20150508,50.3615
20150509,50.7511
20150513,50.914
20150514,49.5366
20150515,50.0774
20150516,50.0115
20150519,49.2175
20150520,49.1777
20150521,49.7919
20150522,49.9204
20150523,49.7901
20150526,49.8613
20150527,50.3223
20150528,51.0178
20150529,52.2907
20150530,52.9716
20150602,52.8213
20150603,53.4413
20150604,53.059
20150605,54.9908
20150606,56.2463
20150609,56.0435
20150610,55.91
20150611,54.8219
20150612,54.5285
20150616,55.2679
20150617,54.0409
20150618,53.8999
20150619,53.3301
20150620,53.8006
20150623,53.5569
20150624,54.2081
20150625,54.0746
20150626,54.6026
20150627,54.8126
20150630,55.524
20150701,55.8413
20150702,55.4756
20150703,55.6555
20150704,55.6049
20150707,56.4112
20150708,57.2192
20150709,57.2174
20150710,56.9803
20150711,56.6685
20150714,56.6079
20150715,56.9774
20150716,56.6642
20150717,56.9504
20150718,56.8423
20150721,56.8336
20150722,57.0025
20150723,57.0232
20150724,57.3578
20150725,58.0374
20150728,58.7816
20150729,60.2231
20150730,59.7665
20150731,58.9906
20150801,60.3458
20150804,62.4677
20150805,62.9182
20150806,62.7184
20150807,63.8644
20150808,63.8399
20150811,64.4977
20150812,63.2098
20150813,65.0169
20150814,63.9988
20150815,64.9363
20150818,65.5034
20150819,65.8289
20150820,65.7222
20150821,66.9608
20150822,68.1216
20150825,70.7465
20150826,69.9461
20150827,69.3142
20150828,67.4473
20150829,66.4779
20150901,66.7152
20150902,65.3495
20150903,66.6756
20150904,67.0102
20150905,67.685
20150908,68.4864
20150909,68.7932
20150910,67.6219
20150911,68.4961
20150912,68.0093
20150915,67.9571
20150916,67.1574
20150917,65.9273
20150918,65.3623
20150919,65.6445
20150922,66.1455
20150923,66.1747
20150924,66.041
20150925,66.5151
20150926,65.6727
20150929,65.547
20150930,66.2367
20151001,65.7364
20151002,65.0336
20151003,65.9414
20151006,65.6248
20151007,65.0962
20151008,62.7061
20151009,62.2942
20151010,61.2967
20151013,61.1535
20151014,62.2237
20151015,63.1248
20151016,62.2433
20151017,61.3587
20151020,61.4419
20151021,62.162
20151022,62.6309
20151023,62.7888
20151024,61.9286
20151027,62.5038
20151028,63.5004
20151029,65.3159
20151030,64.1686
20151031,64.3742
20151103,63.7993
20151104,63.8525
20151106,63.3991
20151107,63.6832
20151110,64.6606
20151111,64.3908
20151112,64.5693
20151113,65.4541
20151114,66.6343
20151117,66.4607
20151118,65.4799
20151119,64.7785
20151120,64.912
20151121,64.8673
20151124,65.5973
20151125,65.621
20151126,65.4789
20151127,65.6836
20151128,66.2393
20151201,66.737
20151202,66.2584
20151203,66.7402
20151204,67.7691
20151205,67.6698
20151208,68.5156
20151209,69.3026
20151210,69.2
20151211,69.2151
20151212,69.1755
20151215,70.2244
20151216,70.8295
20151217,70.4012
20151218,70.5806
20151219,71.3215
20151222,71.2553
20151223,71.1211
20151224,70.9333
20151225,69.5165
20151226,70.269
20151229,70.7865
20151230,72.5066
20151231,72.8827
20160101,72.9299
20160112,75.9507
20160113,76.6041
20160114,76.4275
20160115,76.523
20160116,76.565
20160119,78.6678
20160120,78.4862
20160121,79.4614
20160122,83.5913
20160123,80.5714
20160126,77.7965
20160127,81.8394
20160128,78.9969
20160129,77.3674
20160130,75.1723
20160202,76.3264
20160203,77.9273
20160204,79.2593
20160205,76.4609
20160206,77.3409
20160209,76.8614
20160210,78.6805
20160211,79.0689
20160212,79.1144
20160213,79.4951
20160216,77.7792
20160217,76.245
20160218,77.8503
20160219,75.4575
20160220,76.3657
20160221,77.1326
20160225,76.3928
20160226,76.3929
20160227,75.0903
20160301,75.8994
20160302,74.0536
20160303,73.6256
20160304,73.8242
20160305,73.1854
20160310,72.3775
20160311,71.0928
20160312,70.3067
20160315,70.1542
20160316,70.5408
20160317,71.0256
20160318,68.5598
20160319,68.4026
